<?xml version="1.0"?>
<?xml-stylesheet href="file:///usr/bin/../share/nmap/nmap.xsl" type="text/xsl"?>
<!-- Nmap 6.40 scan initiated Mon Apr 13 09:43:59 2015 as: nmap -oX nmap-output-cypress 10.5.1.0/24 -->
<nmaprun scanner="nmap" args="nmap -oX nmap-output-cypress 10.5.1.0/24" start="1428932639" startstr="Mon Apr 13 09:43:59 2015" version="6.40" xmloutputversion="1.04">
<scaninfo type="syn" protocol="tcp" numservices="1000" services="1,3-4,6-7,9,13,17,19-26,30,32-33,37,42-43,49,53,70,79-85,88-90,99-100,106,109-111,113,119,125,135,139,143-144,6901,6969,7000-7002,7004,7007,7019,7025,7070,7100,7103,7106,7200-7201,7402,7435,7443,7496,7512,7625,7627,7676,7741,7777-7778,7800,7911,7920-7921,7937-7938,7999-8002,8007-8011,8021-8022,8031,8042,8045,8080-8090,8093,8099-8100,8180-8181,8192-8194,8200,8222,8254,8290-8292,8300,8333,8383,8400,8402,8443,8500,8600,8649,8651-8652,8654,8701,8800,8873,8888,8899,8994,9000-9003,9009-9011,9040,9050,9071,9080-9081,9090-9091,9099-9103,9110-9111,9200,9207,9220,9290,9415,9418,9485,9500,9502-9503,9535,9575,9593-9595,9618,9666,9876-9878,9898,9900,9917,9929,9943-9944,9968,9998-10004,10009-10010,10012,10024-10025,10082,10180,10215,10243,10566,10616-10617,10621,10626,10628-10629,10778,11110-11111,11967,12000,12174,12265,12345,13456,13722,13782-13783,14000,14238,14441-14442,15000,15002-15004,15660,15742,16000-16001,16012,16016,16018,16080,16113,16992-16993,17877,17988,18040,18101,18988,19101,19283,19315,19350,19780,19801,19842,20000,20005,20031,20221-20222,20828,21571,22939,23502,24444,24800,25734-25735,26214,27000,27352-27353,27355-27356,27715,28201,30000,30718,30951,31038,31337,32768-32785,33354,33899,34571-34573,35500,38292,40193,40911,41511,42510,44176,44442-44443,44501,45100,48080,49152-49161,49163,49165,49167,49175-49176,49400,49999-50003,50006,50300,50389,50500,50636,50800,51103,51493,52673,52822,52848,52869,54045,54328,55055-55056,55555,55600,56737-56738,57294,57797,58080,60020,60443,61532,61900,62078,63331,64623,64680,65000,65129,65389"/>
<verbose level="0"/>
<debugging level="0"/>
<host starttime="1428932639" endtime="1428932753"><status state="up" reason="arp-response" reason_ttl="0"/>
<address addr="10.5.1.1" addrtype="ipv4"/>
<address addr="7C:AD:74:B2:84:24" addrtype="mac" vendor="Cisco"/>
<hostnames>
</hostnames>
<ports><extraports state="filtered" count="998">
<extrareasons reason="no-responses" count="998"/>
</extraports>
<port protocol="tcp" portid="22"><state state="open" reason="syn-ack" reason_ttl="255"/><service name="ssh" method="table" conf="3"/></port>
<port protocol="tcp" portid="443"><state state="open" reason="syn-ack" reason_ttl="255"/><service name="https" method="table" conf="3"/></port>
</ports>
<times srtt="555" rttvar="47" to="100000"/>
</host>
<host starttime="1428932639" endtime="1428932875"><status state="up" reason="arp-response" reason_ttl="0"/>
<address addr="10.5.1.101" addrtype="ipv4"/>
<address addr="52:54:00:9E:AF:D8" addrtype="mac" vendor="QEMU Virtual NIC"/>
<hostnames>
</hostnames>
<ports><extraports state="closed" count="999">
<extrareasons reason="resets" count="999"/>
</extraports>
<port protocol="tcp" portid="22"><state state="open" reason="syn-ack" reason_ttl="64"/><service name="ssh" method="table" conf="3"/></port>
</ports>
<times srtt="474" rttvar="30" to="100000"/>
</host>
<host starttime="1428932639" endtime="1428932866"><status state="up" reason="arp-response" reason_ttl="0"/>
<address addr="10.5.1.102" addrtype="ipv4"/>
<address addr="52:54:00:9E:AF:D8" addrtype="mac" vendor="QEMU Virtual NIC"/>
<hostnames>
</hostnames>
<ports><extraports state="closed" count="999">
<extrareasons reason="resets" count="999"/>
</extraports>
<port protocol="tcp" portid="22"><state state="open" reason="syn-ack" reason_ttl="64"/><service name="ssh" method="table" conf="3"/></port>
</ports>
<times srtt="435" rttvar="35" to="100000"/>
</host>
<host starttime="1428932639" endtime="1428932871"><status state="up" reason="arp-response" reason_ttl="0"/>
<address addr="10.5.1.103" addrtype="ipv4"/>
<address addr="52:54:00:9E:AF:D8" addrtype="mac" vendor="QEMU Virtual NIC"/>
<hostnames>
</hostnames>
<ports><extraports state="closed" count="999">
<extrareasons reason="resets" count="999"/>
</extraports>
<port protocol="tcp" portid="22"><state state="open" reason="syn-ack" reason_ttl="64"/><service name="ssh" method="table" conf="3"/></port>
</ports>
<times srtt="469" rttvar="25" to="100000"/>
</host>
<host starttime="1428932639" endtime="1428932871"><status state="up" reason="arp-response" reason_ttl="0"/>
<address addr="10.5.1.104" addrtype="ipv4"/>
<address addr="52:54:00:9E:AF:D8" addrtype="mac" vendor="QEMU Virtual NIC"/>
<hostnames>
</hostnames>
<ports><extraports state="closed" count="999">
<extrareasons reason="resets" count="999"/>
</extraports>
<port protocol="tcp" portid="22"><state state="open" reason="syn-ack" reason_ttl="64"/><service name="ssh" method="table" conf="3"/></port>
</ports>
<times srtt="475" rttvar="48" to="100000"/>
</host>
<hostnames>
</hostnames>
<ports><extraports state="closed" count="999">
<extrareasons reason="resets" count="999"/>
</extraports>
<port protocol="tcp" portid="22"><state state="open" reason="syn-ack" reason_ttl="64"/><service name="ssh" method="table" conf="3"/></port>
</ports>
<times srtt="457" rttvar="23" to="100000"/>
</host>
<host starttime="1428932639" endtime="1428932873"><status state="up" reason="arp-response" reason_ttl="0"/>
<address addr="10.5.1.201" addrtype="ipv4"/>
<address addr="52:54:00:9E:AF:D8" addrtype="mac" vendor="QEMU Virtual NIC"/>
<hostnames>
</hostnames>
<ports><extraports state="closed" count="999">
<extrareasons reason="resets" count="999"/>
</extraports>
<port protocol="tcp" portid="22"><state state="open" reason="syn-ack" reason_ttl="64"/><service name="ssh" method="table" conf="3"/></port>
</ports>
<times srtt="471" rttvar="52" to="100000"/>
</host>
<host starttime="1428932639" endtime="1428932868"><status state="up" reason="arp-response" reason_ttl="0"/>
<address addr="10.5.1.202" addrtype="ipv4"/>
<address addr="52:54:00:9E:AF:D8" addrtype="mac" vendor="QEMU Virtual NIC"/>
<hostnames>
</hostnames>
<ports><extraports state="closed" count="999">
<extrareasons reason="resets" count="999"/>
</extraports>
<port protocol="tcp" portid="22"><state state="open" reason="syn-ack" reason_ttl="64"/><service name="ssh" method="table" conf="3"/></port>
</ports>
<times srtt="394" rttvar="42" to="100000"/>
</host>
<host starttime="1428932875" endtime="1428932877"><status state="up" reason="localhost-response" reason_ttl="0"/>
<address addr="10.5.1.250" addrtype="ipv4"/>
<hostnames>
</hostnames>
<ports><extraports state="closed" count="999">
<extrareasons reason="resets" count="999"/>
</extraports>
<port protocol="tcp" portid="22"><state state="open" reason="syn-ack" reason_ttl="64"/><service name="ssh" method="table" conf="3"/></port>
</ports>
<times srtt="11" rttvar="0" to="100000"/>
</host>
<runstats><finished time="1428932877" timestr="Mon Apr 13 09:47:57 2015" elapsed="238.57" summary="Nmap done at Mon Apr 13 09:47:57 2015; 256 IP addresses (13 hosts up) scanned in 238.57 seconds" exit="success"/><hosts up="13" down="243" total="256"/>
</runstats>
</nmaprun>
