<?xml version="1.0" encoding="ISO-8859-1"?>
<!DOCTYPE VCReport [
<!ELEMENT VCReport ((NetCenter|HostCenter|NmapAnalysis)*, Endpoint*)>
<!ATTLIST VCReport type CDATA #REQUIRED>
<!ELEMENT NetCenter (Network,Intensity*)>
<!ELEMENT HostCenter (Host,Intensity*)>
<!ELEMENT Endpoint EMPTY>
<!ATTLIST Endpoint IPAddress CDATA #REQUIRED>
<!ATTLIST Endpoint depth CDATA #REQUIRED>
<!ATTLIST Endpoint width CDATA #REQUIRED>
<!ELEMENT Network EMPTY>
<!ATTLIST Network netAddress CDATA #REQUIRED>
<!ELEMENT Host EMPTY>
<!ATTLIST Host IPAddress CDATA #REQUIRED>
<!ELEMENT Intensity EMPTY>
<!ATTLIST Intensity depth CDATA #REQUIRED>
<!ATTLIST Intensity width CDATA #REQUIRED>
<!ELEMENT Description (#PCDATA)>
<!ELEMENT NmapAnalysis (Path*)>
<!ATTLIST NmapAnalysis sourceNode CDATA #REQUIRED>
<!ATTLIST NmapAnalysis sourceNodeId CDATA #REQUIRED>
<!ATTLIST NmapAnalysis destinationNode CDATA #REQUIRED>
<!ATTLIST NmapAnalysis destinationNodeId CDATA #REQUIRED>
<!ATTLIST NmapAnalysis timeTaken CDATA #IMPLIED>
<!ELEMENT Path (Node*)>
<!ATTLIST Path attackNode CDATA #REQUIRED>
<!ATTLIST Path nodeId CDATA #REQUIRED>
<!ATTLIST Path cost CDATA #REQUIRED>
<!ELEMENT Node EMPTY>
<!ATTLIST Node IPAddress CDATA #REQUIRED>
<!ATTLIST Node nodeId CDATA #REQUIRED>
<!ATTLIST Node vulnID CDATA #REQUIRED>
]>
<VCReport type="vuln">
    <NmapAnalysis sourceNode="10.3.1.0/24" sourceNodeId="5164" destinationNode="10.3.1.101" destinationNodeId="5212">
        <Path attackNode="10.3.1.0/24" nodeId="5164" cost="7.952">
            <Node IPAddress="10.3.1.101" nodeId="5212" vulnID="CVE-2015-2907"/>
        </Path>
    </NmapAnalysis>
    <NmapAnalysis sourceNode="10.3.1.0/24" sourceNodeId="5164" destinationNode="10.3.1.102" destinationNodeId="5214">
        <Path attackNode="10.3.1.0/24" nodeId="5164" cost="7.952">
            <Node IPAddress="10.3.1.102" nodeId="5214" vulnID="CVE-2015-6300"/>
        </Path>
    </NmapAnalysis>
    <NmapAnalysis sourceNode="10.12.1.0/24" sourceNodeId="5165" destinationNode="10.12.1.101" destinationNodeId="5232">
        <Path attackNode="10.12.1.0/24" nodeId="5165" cost="7.952">
            <Node IPAddress="10.12.1.101" nodeId="5232" vulnID="CVE-2015-2907"/>
        </Path>
    </NmapAnalysis>
</VCReport>
