device,ingress,egress,ued,raw,selected
ciscoasa,dmz,outside,True/False/'in',FromDMZ/RULE_2;FromDMZ/RULE_1,FromDMZ/RULE_2;FromDMZ/RULE_1
ciscoasa,dmz,inside,True/False/'in',FromDMZ/RULE_2;FromDMZ/RULE_1,FromDMZ/RULE_2;FromDMZ/RULE_1
ciscoasa,inside,outside,True/False/'in',FromINSIDE/RULE_1;FromINSIDE/RULE_2;FromINSIDE/RULE_3,FromINSIDE/RULE_1;FromINSIDE/RULE_2;FromINSIDE/RULE_3
ciscoasa,inside,outside,True/False/'out',FromINSIDE/RULE_1;FromINSIDE/RULE_2;FromINSIDE/RULE_3,
ciscoasa,inside,dmz,True/False/'in',FromINSIDE/RULE_1;FromINSIDE/RULE_2;FromINSIDE/RULE_3,FromINSIDE/RULE_1;FromINSIDE/RULE_2;FromINSIDE/RULE_3
ciscoasa,outside,inside,True/False/'in',FromOUTSIDE/RULE_3;FromOUTSIDE/RULE_4;FromOUTSIDE/RULE_5;FromOUTSIDE/RULE_6;FromOUTSIDE/RULE_1;FromOUTSIDE/RULE_2,FromOUTSIDE/RULE_1;FromOUTSIDE/RULE_2;FromOUTSIDE/RULE_3;FromOUTSIDE/RULE_4;FromOUTSIDE/RULE_5;FromOUTSIDE/RULE_6
ciscoasa,outside,inside,True/False/'out',FromOUTSIDE/RULE_3;FromOUTSIDE/RULE_4;FromOUTSIDE/RULE_5;FromOUTSIDE/RULE_6;FromOUTSIDE/RULE_1;FromOUTSIDE/RULE_2,
ciscoasa,outside,dmz,True/False/'in',FromOUTSIDE/RULE_3;FromOUTSIDE/RULE_4;FromOUTSIDE/RULE_5;FromOUTSIDE/RULE_6;FromOUTSIDE/RULE_1;FromOUTSIDE/RULE_2,FromOUTSIDE/RULE_1;FromOUTSIDE/RULE_2;FromOUTSIDE/RULE_3;FromOUTSIDE/RULE_4;FromOUTSIDE/RULE_5;FromOUTSIDE/RULE_6
SubStation11,inside,outside,True/False/'in',FromINSIDE/RULE_1;FromINSIDE/RULE_2,FromINSIDE/RULE_1;FromINSIDE/RULE_2
SubStation11,inside,outside,True/False/'out',FromINSIDE/RULE_1;FromINSIDE/RULE_2,
SubStation11,outside,inside,True/False/'in',FromOUTSIDE/RULE_1;FromOUTSIDE/RULE_2;FromOUTSIDE/RULE_3;FromOUTSIDE/RULE_4;FromOUTSIDE/RULE_5,FromOUTSIDE/RULE_1;FromOUTSIDE/RULE_2;FromOUTSIDE/RULE_3;FromOUTSIDE/RULE_4;FromOUTSIDE/RULE_5
SubStation11,outside,inside,True/False/'out',FromOUTSIDE/RULE_1;FromOUTSIDE/RULE_2;FromOUTSIDE/RULE_3;FromOUTSIDE/RULE_4;FromOUTSIDE/RULE_5,
SubStation10,inside,outside,True/False/'in',FromINSIDE/RULE_1;FromINSIDE/RULE_2;FromINSIDE/RULE_3,FromINSIDE/RULE_1;FromINSIDE/RULE_2;FromINSIDE/RULE_3
SubStation10,inside,outside,True/False/'out',FromINSIDE/RULE_1;FromINSIDE/RULE_2;FromINSIDE/RULE_3,
SubStation10,outside,inside,True/False/'in',FromOUTSIDE/RULE_5;FromOUTSIDE/RULE_1;FromOUTSIDE/RULE_2;FromOUTSIDE/RULE_3;FromOUTSIDE/RULE_4,FromOUTSIDE/RULE_5;FromOUTSIDE/RULE_1;FromOUTSIDE/RULE_2;FromOUTSIDE/RULE_3;FromOUTSIDE/RULE_4
SubStation10,outside,inside,True/False/'out',FromOUTSIDE/RULE_5;FromOUTSIDE/RULE_1;FromOUTSIDE/RULE_2;FromOUTSIDE/RULE_3;FromOUTSIDE/RULE_4,
SubStation13,inside,outside,True/False/'in',FromINSIDE/RULE_2;FromINSIDE/RULE_1,FromINSIDE/RULE_2;FromINSIDE/RULE_1
SubStation13,inside,outside,True/False/'out',FromINSIDE/RULE_2;FromINSIDE/RULE_1,
SubStation13,outside,inside,True/False/'in',FromOUTSIDE/RULE_1;FromOUTSIDE/RULE_2;FromOUTSIDE/RULE_3;FromOUTSIDE/RULE_4;FromOUTSIDE/RULE_5,FromOUTSIDE/RULE_1;FromOUTSIDE/RULE_2;FromOUTSIDE/RULE_3;FromOUTSIDE/RULE_4;FromOUTSIDE/RULE_5
SubStation13,outside,inside,True/False/'out',FromOUTSIDE/RULE_1;FromOUTSIDE/RULE_2;FromOUTSIDE/RULE_3;FromOUTSIDE/RULE_4;FromOUTSIDE/RULE_5,
SubStation12,inside,outside,True/False/'in',FromINSIDE/RULE_1;FromINSIDE/RULE_2,FromINSIDE/RULE_1;FromINSIDE/RULE_2
SubStation12,inside,outside,True/False/'out',FromINSIDE/RULE_1;FromINSIDE/RULE_2,
SubStation12,outside,inside,True/False/'in',FromOUTSIDE/RULE_1;FromOUTSIDE/RULE_2;FromOUTSIDE/RULE_3;FromOUTSIDE/RULE_4;FromOUTSIDE/RULE_5,FromOUTSIDE/RULE_1;FromOUTSIDE/RULE_2;FromOUTSIDE/RULE_3;FromOUTSIDE/RULE_4;FromOUTSIDE/RULE_5
SubStation12,outside,inside,True/False/'out',FromOUTSIDE/RULE_1;FromOUTSIDE/RULE_2;FromOUTSIDE/RULE_3;FromOUTSIDE/RULE_4;FromOUTSIDE/RULE_5,
SubStation15,inside,outside,True/False/'in',FromINSIDE/RULE_1;FromINSIDE/RULE_2;FromINSIDE/RULE_3,FromINSIDE/RULE_1;FromINSIDE/RULE_2;FromINSIDE/RULE_3
SubStation15,inside,outside,True/False/'out',FromINSIDE/RULE_1;FromINSIDE/RULE_2;FromINSIDE/RULE_3,
SubStation15,outside,inside,True/False/'in',FromOUTSIDE/RULE_1;FromOUTSIDE/RULE_2;FromOUTSIDE/RULE_3;FromOUTSIDE/RULE_4;FromOUTSIDE/RULE_5,FromOUTSIDE/RULE_1;FromOUTSIDE/RULE_2;FromOUTSIDE/RULE_3;FromOUTSIDE/RULE_4;FromOUTSIDE/RULE_5
SubStation15,outside,inside,True/False/'out',FromOUTSIDE/RULE_1;FromOUTSIDE/RULE_2;FromOUTSIDE/RULE_3;FromOUTSIDE/RULE_4;FromOUTSIDE/RULE_5,
SubStation14,inside,outside,True/False/'in',FromINSIDE/RULE_1;FromINSIDE/RULE_2,FromINSIDE/RULE_1;FromINSIDE/RULE_2
SubStation14,inside,outside,True/False/'out',FromINSIDE/RULE_1;FromINSIDE/RULE_2,
SubStation14,outside,inside,True/False/'in',FromOUTSIDE/RULE_1;FromOUTSIDE/RULE_2;FromOUTSIDE/RULE_3;FromOUTSIDE/RULE_4;FromOUTSIDE/RULE_5,FromOUTSIDE/RULE_1;FromOUTSIDE/RULE_2;FromOUTSIDE/RULE_3;FromOUTSIDE/RULE_4;FromOUTSIDE/RULE_5
SubStation14,outside,inside,True/False/'out',FromOUTSIDE/RULE_1;FromOUTSIDE/RULE_2;FromOUTSIDE/RULE_3;FromOUTSIDE/RULE_4;FromOUTSIDE/RULE_5,
SubStation17,inside,outside,True/False/'in',FromINSIDE/RULE_1;FromINSIDE/RULE_2,FromINSIDE/RULE_1;FromINSIDE/RULE_2
SubStation17,inside,outside,True/False/'out',FromINSIDE/RULE_1;FromINSIDE/RULE_2,
SubStation17,outside,inside,True/False/'in',FromOUTSIDE/RULE_3;FromOUTSIDE/RULE_4;FromOUTSIDE/RULE_5;FromOUTSIDE/RULE_1;FromOUTSIDE/RULE_2,FromOUTSIDE/RULE_3;FromOUTSIDE/RULE_4;FromOUTSIDE/RULE_5;FromOUTSIDE/RULE_1;FromOUTSIDE/RULE_2
SubStation17,outside,inside,True/False/'out',FromOUTSIDE/RULE_3;FromOUTSIDE/RULE_4;FromOUTSIDE/RULE_5;FromOUTSIDE/RULE_1;FromOUTSIDE/RULE_2,
SubStation16,inside,outside,True/False/'in',FromINSIDE/RULE_1;FromINSIDE/RULE_2,FromINSIDE/RULE_1;FromINSIDE/RULE_2
SubStation16,inside,outside,True/False/'out',FromINSIDE/RULE_1;FromINSIDE/RULE_2,
SubStation16,outside,inside,True/False/'in',FromOUTSIDE/RULE_2;FromOUTSIDE/RULE_3;FromOUTSIDE/RULE_4;FromOUTSIDE/RULE_5;FromOUTSIDE/RULE_1,FromOUTSIDE/RULE_2;FromOUTSIDE/RULE_3;FromOUTSIDE/RULE_4;FromOUTSIDE/RULE_5;FromOUTSIDE/RULE_1
SubStation16,outside,inside,True/False/'out',FromOUTSIDE/RULE_2;FromOUTSIDE/RULE_3;FromOUTSIDE/RULE_4;FromOUTSIDE/RULE_5;FromOUTSIDE/RULE_1,
SubStation19,inside,outside,True/False/'in',FromINSIDE/RULE_1;FromINSIDE/RULE_2,FromINSIDE/RULE_1;FromINSIDE/RULE_2
SubStation19,inside,outside,True/False/'out',FromINSIDE/RULE_1;FromINSIDE/RULE_2,
SubStation19,outside,inside,True/False/'in',FromOUTSIDE/RULE_5;FromOUTSIDE/RULE_1;FromOUTSIDE/RULE_2;FromOUTSIDE/RULE_3;FromOUTSIDE/RULE_4,FromOUTSIDE/RULE_5;FromOUTSIDE/RULE_1;FromOUTSIDE/RULE_2;FromOUTSIDE/RULE_3;FromOUTSIDE/RULE_4
SubStation19,outside,inside,True/False/'out',FromOUTSIDE/RULE_5;FromOUTSIDE/RULE_1;FromOUTSIDE/RULE_2;FromOUTSIDE/RULE_3;FromOUTSIDE/RULE_4,
SubStation18,inside,outside,True/False/'in',FromINSIDE/RULE_1;FromINSIDE/RULE_2,FromINSIDE/RULE_1;FromINSIDE/RULE_2
SubStation18,inside,outside,True/False/'out',FromINSIDE/RULE_1;FromINSIDE/RULE_2,
SubStation18,outside,inside,True/False/'in',FromOUTSIDE/RULE_4;FromOUTSIDE/RULE_5;FromOUTSIDE/RULE_1;FromOUTSIDE/RULE_2;FromOUTSIDE/RULE_3,FromOUTSIDE/RULE_4;FromOUTSIDE/RULE_5;FromOUTSIDE/RULE_1;FromOUTSIDE/RULE_2;FromOUTSIDE/RULE_3
SubStation18,outside,inside,True/False/'out',FromOUTSIDE/RULE_4;FromOUTSIDE/RULE_5;FromOUTSIDE/RULE_1;FromOUTSIDE/RULE_2;FromOUTSIDE/RULE_3,
SubStation5,inside,outside,True/False/'in',FromINSIDE/RULE_1;FromINSIDE/RULE_2,FromINSIDE/RULE_1;FromINSIDE/RULE_2
SubStation5,inside,outside,True/False/'out',FromINSIDE/RULE_1;FromINSIDE/RULE_2,
SubStation5,outside,inside,True/False/'in',FromOUTSIDE/RULE_5;FromOUTSIDE/RULE_1;FromOUTSIDE/RULE_2;FromOUTSIDE/RULE_3;FromOUTSIDE/RULE_4,FromOUTSIDE/RULE_5;FromOUTSIDE/RULE_1;FromOUTSIDE/RULE_2;FromOUTSIDE/RULE_3;FromOUTSIDE/RULE_4
SubStation5,outside,inside,True/False/'out',FromOUTSIDE/RULE_5;FromOUTSIDE/RULE_1;FromOUTSIDE/RULE_2;FromOUTSIDE/RULE_3;FromOUTSIDE/RULE_4,
SubStation4,inside,outside,True/False/'in',FromINSIDE/RULE_1;FromINSIDE/RULE_2,FromINSIDE/RULE_1;FromINSIDE/RULE_2
SubStation4,inside,outside,True/False/'out',FromINSIDE/RULE_1;FromINSIDE/RULE_2,
SubStation4,outside,inside,True/False/'in',FromOUTSIDE/RULE_4;FromOUTSIDE/RULE_5;FromOUTSIDE/RULE_1;FromOUTSIDE/RULE_2;FromOUTSIDE/RULE_3,FromOUTSIDE/RULE_4;FromOUTSIDE/RULE_5;FromOUTSIDE/RULE_1;FromOUTSIDE/RULE_2;FromOUTSIDE/RULE_3
SubStation4,outside,inside,True/False/'out',FromOUTSIDE/RULE_4;FromOUTSIDE/RULE_5;FromOUTSIDE/RULE_1;FromOUTSIDE/RULE_2;FromOUTSIDE/RULE_3,
SubStation7,inside,outside,True/False/'in',FromINSIDE/RULE_1;FromINSIDE/RULE_2;FromINSIDE/RULE_3,FromINSIDE/RULE_1;FromINSIDE/RULE_2;FromINSIDE/RULE_3
SubStation7,inside,outside,True/False/'out',FromINSIDE/RULE_1;FromINSIDE/RULE_2;FromINSIDE/RULE_3,
SubStation7,outside,inside,True/False/'in',FromOUTSIDE/RULE_1;FromOUTSIDE/RULE_2;FromOUTSIDE/RULE_3;FromOUTSIDE/RULE_4;FromOUTSIDE/RULE_5,FromOUTSIDE/RULE_1;FromOUTSIDE/RULE_2;FromOUTSIDE/RULE_3;FromOUTSIDE/RULE_4;FromOUTSIDE/RULE_5
SubStation7,outside,inside,True/False/'out',FromOUTSIDE/RULE_1;FromOUTSIDE/RULE_2;FromOUTSIDE/RULE_3;FromOUTSIDE/RULE_4;FromOUTSIDE/RULE_5,
SubStation6,inside,outside,True/False/'in',FromINSIDE/RULE_1;FromINSIDE/RULE_2,FromINSIDE/RULE_1;FromINSIDE/RULE_2
SubStation6,inside,outside,True/False/'out',FromINSIDE/RULE_1;FromINSIDE/RULE_2,
SubStation6,outside,inside,True/False/'in',FromOUTSIDE/RULE_1;FromOUTSIDE/RULE_2;FromOUTSIDE/RULE_3;FromOUTSIDE/RULE_4;FromOUTSIDE/RULE_5,FromOUTSIDE/RULE_1;FromOUTSIDE/RULE_2;FromOUTSIDE/RULE_3;FromOUTSIDE/RULE_4;FromOUTSIDE/RULE_5
SubStation6,outside,inside,True/False/'out',FromOUTSIDE/RULE_1;FromOUTSIDE/RULE_2;FromOUTSIDE/RULE_3;FromOUTSIDE/RULE_4;FromOUTSIDE/RULE_5,
SubStation1,inside,outside,True/False/'in',FromINSIDE/RULE_1;FromINSIDE/RULE_2;FromINSIDE/RULE_3,FromINSIDE/RULE_1;FromINSIDE/RULE_2;FromINSIDE/RULE_3
SubStation1,inside,outside,True/False/'out',FromINSIDE/RULE_1;FromINSIDE/RULE_2;FromINSIDE/RULE_3,
SubStation1,outside,inside,True/False/'in',FromOUTSIDE/RULE_5;FromOUTSIDE/RULE_1;FromOUTSIDE/RULE_2;FromOUTSIDE/RULE_3;FromOUTSIDE/RULE_4,FromOUTSIDE/RULE_5;FromOUTSIDE/RULE_1;FromOUTSIDE/RULE_2;FromOUTSIDE/RULE_3;FromOUTSIDE/RULE_4
SubStation3,inside,outside,True/False/'in',FromINSIDE/RULE_1;FromINSIDE/RULE_2,FromINSIDE/RULE_1;FromINSIDE/RULE_2
SubStation3,inside,outside,True/False/'out',FromINSIDE/RULE_1;FromINSIDE/RULE_2,
SubStation3,outside,inside,True/False/'in',FromOUTSIDE/RULE_3;FromOUTSIDE/RULE_4;FromOUTSIDE/RULE_5;FromOUTSIDE/RULE_1;FromOUTSIDE/RULE_2,FromOUTSIDE/RULE_3;FromOUTSIDE/RULE_4;FromOUTSIDE/RULE_5;FromOUTSIDE/RULE_1;FromOUTSIDE/RULE_2
SubStation3,outside,inside,True/False/'out',FromOUTSIDE/RULE_3;FromOUTSIDE/RULE_4;FromOUTSIDE/RULE_5;FromOUTSIDE/RULE_1;FromOUTSIDE/RULE_2,
SubStation2,inside,outside,True/False/'in',FromINSIDE/RULE_1;FromINSIDE/RULE_2;FromINSIDE/RULE_3,FromINSIDE/RULE_1;FromINSIDE/RULE_2;FromINSIDE/RULE_3
SubStation2,inside,outside,True/False/'out',FromINSIDE/RULE_1;FromINSIDE/RULE_2;FromINSIDE/RULE_3,
SubStation2,outside,inside,True/False/'in',FromOUTSIDE/RULE_5;FromOUTSIDE/RULE_1;FromOUTSIDE/RULE_2;FromOUTSIDE/RULE_3;FromOUTSIDE/RULE_4,FromOUTSIDE/RULE_5;FromOUTSIDE/RULE_1;FromOUTSIDE/RULE_2;FromOUTSIDE/RULE_3;FromOUTSIDE/RULE_4
SubStation2,outside,inside,True/False/'out',FromOUTSIDE/RULE_5;FromOUTSIDE/RULE_1;FromOUTSIDE/RULE_2;FromOUTSIDE/RULE_3;FromOUTSIDE/RULE_4,
SubStation9,inside,outside,True/False/'in',FromINSIDE/RULE_2;FromINSIDE/RULE_1,FromINSIDE/RULE_2;FromINSIDE/RULE_1
SubStation9,inside,outside,True/False/'out',FromINSIDE/RULE_2;FromINSIDE/RULE_1,
SubStation9,outside,inside,True/False/'in',FromOUTSIDE/RULE_1;FromOUTSIDE/RULE_2;FromOUTSIDE/RULE_3;FromOUTSIDE/RULE_4;FromOUTSIDE/RULE_5,FromOUTSIDE/RULE_1;FromOUTSIDE/RULE_2;FromOUTSIDE/RULE_3;FromOUTSIDE/RULE_4;FromOUTSIDE/RULE_5
SubStation9,outside,inside,True/False/'out',FromOUTSIDE/RULE_1;FromOUTSIDE/RULE_2;FromOUTSIDE/RULE_3;FromOUTSIDE/RULE_4;FromOUTSIDE/RULE_5,
SubStation8,inside,outside,True/False/'in',FromINSIDE/RULE_1;FromINSIDE/RULE_2,FromINSIDE/RULE_1;FromINSIDE/RULE_2
SubStation8,inside,outside,True/False/'out',FromINSIDE/RULE_1;FromINSIDE/RULE_2,
SubStation8,outside,inside,True/False/'in',FromOUTSIDE/RULE_1;FromOUTSIDE/RULE_2;FromOUTSIDE/RULE_3;FromOUTSIDE/RULE_4;FromOUTSIDE/RULE_5,FromOUTSIDE/RULE_1;FromOUTSIDE/RULE_2;FromOUTSIDE/RULE_3;FromOUTSIDE/RULE_4;FromOUTSIDE/RULE_5
SubStation8,outside,inside,True/False/'out',FromOUTSIDE/RULE_1;FromOUTSIDE/RULE_2;FromOUTSIDE/RULE_3;FromOUTSIDE/RULE_4;FromOUTSIDE/RULE_5,
SubStation20,inside,outside,True/False/'in',FromINSIDE/RULE_1;FromINSIDE/RULE_2,FromINSIDE/RULE_1;FromINSIDE/RULE_2
SubStation20,inside,outside,True/False/'out',FromINSIDE/RULE_1;FromINSIDE/RULE_2,
SubStation20,outside,inside,True/False/'in',FromOUTSIDE/RULE_1;FromOUTSIDE/RULE_2;FromOUTSIDE/RULE_3;FromOUTSIDE/RULE_4;FromOUTSIDE/RULE_5,FromOUTSIDE/RULE_1;FromOUTSIDE/RULE_2;FromOUTSIDE/RULE_3;FromOUTSIDE/RULE_4;FromOUTSIDE/RULE_5
SubStation20,outside,inside,True/False/'out',FromOUTSIDE/RULE_1;FromOUTSIDE/RULE_2;FromOUTSIDE/RULE_3;FromOUTSIDE/RULE_4;FromOUTSIDE/RULE_5,
SubStation21,inside,outside,True/False/'in',FromINSIDE/RULE_1;FromINSIDE/RULE_2,FromINSIDE/RULE_1;FromINSIDE/RULE_2
SubStation21,inside,outside,True/False/'out',FromINSIDE/RULE_1;FromINSIDE/RULE_2,
SubStation21,outside,inside,True/False/'in',FromOUTSIDE/RULE_1;FromOUTSIDE/RULE_2;FromOUTSIDE/RULE_3;FromOUTSIDE/RULE_4;FromOUTSIDE/RULE_5,FromOUTSIDE/RULE_1;FromOUTSIDE/RULE_2;FromOUTSIDE/RULE_3;FromOUTSIDE/RULE_4;FromOUTSIDE/RULE_5
SubStation21,outside,inside,True/False/'out',FromOUTSIDE/RULE_1;FromOUTSIDE/RULE_2;FromOUTSIDE/RULE_3;FromOUTSIDE/RULE_4;FromOUTSIDE/RULE_5,
SubStation22,inside,outside,True/False/'in',FromINSIDE/RULE_2;FromINSIDE/RULE_1,FromINSIDE/RULE_2;FromINSIDE/RULE_1
SubStation22,inside,outside,True/False/'out',FromINSIDE/RULE_2;FromINSIDE/RULE_1,
SubStation22,outside,inside,True/False/'in',FromOUTSIDE/RULE_1;FromOUTSIDE/RULE_2;FromOUTSIDE/RULE_3;FromOUTSIDE/RULE_4;FromOUTSIDE/RULE_5,FromOUTSIDE/RULE_1;FromOUTSIDE/RULE_2;FromOUTSIDE/RULE_3;FromOUTSIDE/RULE_4;FromOUTSIDE/RULE_5
SubStation22,outside,inside,True/False/'out',FromOUTSIDE/RULE_1;FromOUTSIDE/RULE_2;FromOUTSIDE/RULE_3;FromOUTSIDE/RULE_4;FromOUTSIDE/RULE_5,
SubStation23,inside,outside,True/False/'in',FromINSIDE/RULE_1;FromINSIDE/RULE_2,FromINSIDE/RULE_1;FromINSIDE/RULE_2
SubStation23,inside,outside,True/False/'out',FromINSIDE/RULE_1;FromINSIDE/RULE_2,
SubStation23,outside,inside,True/False/'in',FromOUTSIDE/RULE_1;FromOUTSIDE/RULE_2;FromOUTSIDE/RULE_3;FromOUTSIDE/RULE_4;FromOUTSIDE/RULE_5,FromOUTSIDE/RULE_1;FromOUTSIDE/RULE_2;FromOUTSIDE/RULE_3;FromOUTSIDE/RULE_4;FromOUTSIDE/RULE_5
SubStation23,outside,inside,True/False/'out',FromOUTSIDE/RULE_1;FromOUTSIDE/RULE_2;FromOUTSIDE/RULE_3;FromOUTSIDE/RULE_4;FromOUTSIDE/RULE_5,
SubStation24,inside,outside,True/False/'in',FromINSIDE/RULE_1;FromINSIDE/RULE_2,FromINSIDE/RULE_1;FromINSIDE/RULE_2
SubStation24,inside,outside,True/False/'out',FromINSIDE/RULE_1;FromINSIDE/RULE_2,
SubStation24,outside,inside,True/False/'in',FromOUTSIDE/RULE_2;FromOUTSIDE/RULE_3;FromOUTSIDE/RULE_4;FromOUTSIDE/RULE_5;FromOUTSIDE/RULE_1,FromOUTSIDE/RULE_2;FromOUTSIDE/RULE_3;FromOUTSIDE/RULE_4;FromOUTSIDE/RULE_5;FromOUTSIDE/RULE_1
SubStation24,outside,inside,True/False/'out',FromOUTSIDE/RULE_2;FromOUTSIDE/RULE_3;FromOUTSIDE/RULE_4;FromOUTSIDE/RULE_5;FromOUTSIDE/RULE_1,
