SubStation1.txt,9115f42f8b6e651f38acec7e844b431d
SubStation10.txt,42841a8a975bf48d7f336d810b8de4ed
SubStation11.txt,732f52cc11f8549f8776a1e0f7be30c1
SubStation12.txt,632e2cebba0e561277db0eef3ce5eaa4
SubStation13.txt,4ee0b53a3763aadd4b075baec7dfa922
SubStation14.txt,53e46a085ff1f2d36631129c4e8ae1c5
SubStation15.txt,4a8f79c12d0c34a77ba73e76101db59a
SubStation16.txt,59b52798f1a59dc2968c113287ed1f4c
SubStation17.txt,f85e23b81dcb961e3259aa144c898d14
SubStation18.txt,b7fd7f48f8e8a72fa7329da4fc2b7b70
SubStation19.txt,49836ed2656209615534ae0bdc837d92
SubStation2.txt,c118071204028a6c35a308ee066390e9
SubStation20.txt,be904338cd5421b36150a16adbd30633
SubStation21.txt,74889d14af500f21de57b70f8e3bf952
SubStation22.txt,785b4b3f5fb20d6f184c9d679bf2019f
SubStation23.txt,1fed6ac5fddc2aaa1ddfb267b78145c6
SubStation24.txt,f662e1cb344aea7d1bdbe8b36d589d67
SubStation3.txt,140168092449ab4e392d7e35e52e6343
SubStation4.txt,9c809960f0113c3fcd6858129db78279
SubStation5.txt,7e0799ca9c235491cc8f3362fdf08716
SubStation6.txt,d7b905f855a268cde2701c07f8d2805e
SubStation7.txt,947ef797913e6b221c6f1b0ebe2c400b
SubStation8.txt,20736205f907d58fd4de82c27d9857fe
SubStation9.txt,6db082c350edcc69692b6e22152eb651
ccnew_24.txt,908191e39609097e9eaf21e9797b0d57
destinationNetworks,
destinationType,Connected
