#author,timestamp,action,element
katedavis@tamu.edu,2019-06-13 16:00,Project saved,/home/abhijeet/Desktop/Research/Firewall_24/npv_nmap.npv
katedavis@tamu.edu,2019-06-13 15:59,Path analysis completed successfully,Full Analysis: 0 path(s)
katedavis@tamu.edu,2019-06-13 15:59,Path analysis launched,Full Analysis
katedavis@tamu.edu,2019-06-13 15:58,NMap file(s) imported,"/home/abhijeet/Desktop/Research/Firewall_24/nmap-SubStation13.xml /home/abhijeet/Desktop/Research/Firewall_24/nmap-SubStation3.xml /home/abhijeet/Desktop/Research/Firewall_24/nmap-SubStation7.xml /home/abhijeet/Desktop/Research/Firewall_24/nmap-jumphost.xml"
katedavis@tamu.edu,2019-06-13 15:58,Config imported with NP-View 5.6.0 STABLE (rgb-364) October 28 2018,/home/abhijeet/Desktop/Research/Firewall_24/SubStation1.txt; /home/abhijeet/Desktop/Research/Firewall_24/SubStation10.txt; /home/abhijeet/Desktop/Research/Firewall_24/SubStation11.txt; /home/abhijeet/Desktop/Research/Firewall_24/SubStation12.txt; /home/abhijeet/Desktop/Research/Firewall_24/SubStation13.txt; /home/abhijeet/Desktop/Research/Firewall_24/SubStation14.txt; /home/abhijeet/Desktop/Research/Firewall_24/SubStation15.txt; /home/abhijeet/Desktop/Research/Firewall_24/SubStation16.txt; /home/abhijeet/Desktop/Research/Firewall_24/SubStation17.txt; /home/abhijeet/Desktop/Research/Firewall_24/SubStation18.txt; /home/abhijeet/Desktop/Research/Firewall_24/SubStation19.txt; /home/abhijeet/Desktop/Research/Firewall_24/SubStation2.txt; /home/abhijeet/Desktop/Research/Firewall_24/SubStation20.txt; /home/abhijeet/Desktop/Research/Firewall_24/SubStation21.txt; /home/abhijeet/Desktop/Research/Firewall_24/SubStation22.txt; /home/abhijeet/Desktop/Research/Firewall_24/SubStation23.txt; /home/abhijeet/Desktop/Research/Firewall_24/SubStation24.txt; /home/abhijeet/Desktop/Research/Firewall_24/SubStation3.txt; /home/abhijeet/Desktop/Research/Firewall_24/SubStation4.txt; /home/abhijeet/Desktop/Research/Firewall_24/SubStation5.txt; /home/abhijeet/Desktop/Research/Firewall_24/SubStation6.txt; /home/abhijeet/Desktop/Research/Firewall_24/SubStation7.txt; /home/abhijeet/Desktop/Research/Firewall_24/SubStation8.txt; /home/abhijeet/Desktop/Research/Firewall_24/SubStation9.txt; /home/abhijeet/Desktop/Research/Firewall_24/ccnew_24.txt; /home/abhijeet/Desktop/Research/Firewall_24/nmap-SubStation13.xml; /home/abhijeet/Desktop/Research/Firewall_24/nmap-SubStation3.xml; /home/abhijeet/Desktop/Research/Firewall_24/nmap-SubStation7.xml; /home/abhijeet/Desktop/Research/Firewall_24/nmap-jumphost.xml; 
katedavis@tamu.edu,2019-06-13 15:58,New project created,
