count, device, list, rule name, rule id
46,ciscoasa,FromOUTSIDE,RULE_2,175,151;152;153;154;155;156;157;158;159;160;161;162;163;164;165;166;167;168;169;170;171;172;173;174;175;176;177;178;179;180;181;182;183;184;185;186;187;188;189;190;191;192;193;194;195;196
92,ciscoasa,FromOUTSIDE,RULE_1,174,59;60;61;62;63;64;65;66;67;68;69;70;71;72;73;74;75;76;77;78;79;80;81;82;83;84;85;86;87;88;89;90;91;92;93;94;95;96;97;98;99;100;101;102;103;104;105;106;107;108;109;110;111;112;113;114;115;116;117;118;119;120;121;122;123;124;125;126;127;128;129;130;131;132;133;134;135;136;137;138;139;140;141;142;143;144;145;146;147;148;149;150
48,ciscoasa,FromINSIDE,RULE_1,180,3;4;7;8;9;10;11;12;13;14;15;16;19;20;21;22;23;24;25;26;27;28;31;32;33;34;35;36;37;38;39;40;41;42;43;44;45;46;47;48;49;50;53;54;55;56;57;58
10,ciscoasa,FromINSIDE,RULE_2,181,1;2;5;6;17;18;29;30;51;52
2,SubStation4,FromOUTSIDE,RULE_1,133,173;174
2,SubStation5,FromOUTSIDE,RULE_1,140,159;160
2,SubStation11,FromOUTSIDE,RULE_1,19,153;154
2,SubStation12,FromOUTSIDE,RULE_1,26,181;182
2,SubStation7,FromOUTSIDE,RULE_1,155,187;188
2,SubStation13,FromOUTSIDE,RULE_1,33,177;178
2,SubStation8,FromOUTSIDE,RULE_1,162,185;186
2,SubStation14,FromOUTSIDE,RULE_1,40,155;156
2,SubStation9,FromOUTSIDE,RULE_1,169,169;170
2,SubStation15,FromOUTSIDE,RULE_1,48,195;196
2,SubStation16,FromOUTSIDE,RULE_1,55,161;162
2,SubStation17,FromOUTSIDE,RULE_1,62,193;194
2,SubStation18,FromOUTSIDE,RULE_1,69,183;184
2,SubStation10,FromOUTSIDE,RULE_1,12,163;164
2,SubStation19,FromOUTSIDE,RULE_1,76,167;168
2,SubStation2,FromOUTSIDE,RULE_1,84,151;152
2,SubStation20,FromOUTSIDE,RULE_1,91,157;158
2,SubStation21,FromOUTSIDE,RULE_1,98,189;190
2,SubStation22,FromOUTSIDE,RULE_1,105,165;166
2,SubStation23,FromOUTSIDE,RULE_1,112,175;176
2,SubStation6,FromOUTSIDE,RULE_1,147,179;180
2,SubStation24,FromOUTSIDE,RULE_1,119,171;172
2,SubStation3,FromOUTSIDE,RULE_1,126,191;192
4,SubStation6,FromOUTSIDE,RULE_3,149,87;88;133;134
4,SubStation4,FromOUTSIDE,RULE_3,135,81;82;127;128
4,SubStation5,FromOUTSIDE,RULE_3,142,67;68;113;114
4,SubStation12,FromOUTSIDE,RULE_3,28,89;90;135;136
4,SubStation7,FromOUTSIDE,RULE_3,157,95;96;141;142
4,SubStation13,FromOUTSIDE,RULE_3,35,85;86;131;132
4,SubStation8,FromOUTSIDE,RULE_3,164,93;94;139;140
4,SubStation14,FromOUTSIDE,RULE_3,42,63;64;109;110
4,SubStation9,FromOUTSIDE,RULE_3,171,77;78;123;124
4,SubStation15,FromOUTSIDE,RULE_3,50,103;104;149;150
4,SubStation3,FromOUTSIDE,RULE_3,128,99;100;145;146
4,SubStation16,FromOUTSIDE,RULE_3,57,69;70;115;116
4,SubStation17,FromOUTSIDE,RULE_3,64,101;102;147;148
4,SubStation18,FromOUTSIDE,RULE_3,71,91;92;137;138
4,SubStation19,FromOUTSIDE,RULE_3,78,75;76;121;122
4,SubStation10,FromOUTSIDE,RULE_3,14,71;72;117;118
4,SubStation2,FromOUTSIDE,RULE_3,86,59;60;105;106
4,SubStation20,FromOUTSIDE,RULE_3,93,65;66;111;112
4,SubStation21,FromOUTSIDE,RULE_3,100,97;98;143;144
4,SubStation22,FromOUTSIDE,RULE_3,107,73;74;119;120
4,SubStation23,FromOUTSIDE,RULE_3,114,83;84;129;130
4,SubStation24,FromOUTSIDE,RULE_3,121,79;80;125;126
4,SubStation11,FromOUTSIDE,RULE_3,21,61;62;107;108
2,SubStation1,FromINSIDE,RULE_1,1,1;2
2,SubStation1,FromINSIDE,RULE_2,2,3;4
2,SubStation4,FromINSIDE,RULE_1,131,45;46
2,SubStation6,FromINSIDE,RULE_1,145,49;50
2,SubStation10,FromINSIDE,RULE_1,9,5;6
2,SubStation10,FromINSIDE,RULE_2,10,7;8
2,SubStation11,FromINSIDE,RULE_1,17,9;10
2,SubStation12,FromINSIDE,RULE_1,24,11;12
2,SubStation7,FromINSIDE,RULE_2,153,53;54
2,SubStation13,FromINSIDE,RULE_1,31,13;14
2,SubStation8,FromINSIDE,RULE_1,160,55;56
2,SubStation14,FromINSIDE,RULE_1,38,15;16
2,SubStation9,FromINSIDE,RULE_1,167,57;58
2,SubStation15,FromINSIDE,RULE_1,45,17;18
2,SubStation15,FromINSIDE,RULE_2,46,19;20
2,SubStation17,FromINSIDE,RULE_1,60,23;24
2,SubStation5,FromINSIDE,RULE_1,138,47;48
2,SubStation16,FromINSIDE,RULE_1,53,21;22
2,SubStation18,FromINSIDE,RULE_1,67,25;26
2,SubStation19,FromINSIDE,RULE_1,74,27;28
2,SubStation2,FromINSIDE,RULE_1,81,29;30
2,SubStation2,FromINSIDE,RULE_2,82,31;32
2,SubStation20,FromINSIDE,RULE_1,89,33;34
2,SubStation7,FromINSIDE,RULE_1,152,51;52
2,SubStation21,FromINSIDE,RULE_1,96,35;36
2,SubStation22,FromINSIDE,RULE_1,103,37;38
2,SubStation23,FromINSIDE,RULE_1,110,39;40
2,SubStation24,FromINSIDE,RULE_1,117,41;42
2,SubStation3,FromINSIDE,RULE_1,124,43;44
