Device,Id,Seq #,Line #,ACL/Binding,Name,Type,Src Binding,Source,Dst Binding,Destination,Application,Service,Action,Description,Parsing Error,Risk,Usage,Marker,Comment,Enabled,Change
SubStation1,297,1,143,FromINSIDE,RULE_1,regular,IN,DIST," inside OUT",FTP_SERVER,FTP_DATA,FTP_DATA,permit,***** BEGIN FromINSIDE ACL *****  allow access to EMS_FEP,,,2,,,true,
SubStation1,298,2,144,FromINSIDE,RULE_2,regular,IN,DIST," inside OUT",EMS_FEP,ICCP_DATA,ICCP_DATA,permit,,,,2,,,true,
SubStation1,299,3,145,FromINSIDE,RULE_3,regular,IN,*," inside OUT",*,,IP/*,deny,,,,0,,,true,
SubStation1,300,4,150,FromOUTSIDE,RULE_1,regular,IN,PEER_UTILS," outside OUT",DIST,ICCP_DATA,ICCP_DATA,permit,***** BEGIN FromOUTSIDE ACL *****  allow Peer Utilities Access to Substations via ICCP,,,0,,,true,
SubStation1,301,5,152,FromOUTSIDE,RULE_2,regular,IN,VENDOR_ACCESS," outside OUT",DIST,,TCP/22,permit,allow Google (Vendor) access to RTU,,,0,,,true,
SubStation1,302,6,154,FromOUTSIDE,RULE_3,regular,IN,EMS_SERVERS," outside OUT",DIST,SCADA,SCADA,permit,allow DIST access to EMS_SERVERS,,,0,,,true,
SubStation1,303,7,155,FromOUTSIDE,RULE_4,regular,IN,JUMP_HOST," outside OUT",DIST,,TCP/22,permit,,,,0,,,true,
SubStation1,304,8,156,FromOUTSIDE,RULE_5,regular,IN,*," outside OUT",*,,IP/*,deny,,,,0,,,true,
SubStation10,203,9,142,FromINSIDE,RULE_1,regular,IN,DIST," inside OUT",FTP_SERVER,FTP_DATA,FTP_DATA,permit,***** BEGIN FromINSIDE ACL *****  allow access to EMS_FEP,,,2,,,true,
SubStation10,204,10,143,FromINSIDE,RULE_2,regular,IN,DIST," inside OUT",EMS_FEP,ICCP_DATA,ICCP_DATA,permit,,,,2,,,true,
SubStation10,205,11,144,FromINSIDE,RULE_3,regular,IN,*," inside OUT",*,,IP/*,deny,,,,0,,,true,
SubStation10,206,12,149,FromOUTSIDE,RULE_1,regular,IN,PEER_UTILS," outside OUT",DIST,ICCP_DATA,ICCP_DATA,permit,***** BEGIN FromOUTSIDE ACL *****  allow Peer Utilities Access to Substations via ICCP,,,2,,,true,
SubStation10,207,13,151,FromOUTSIDE,RULE_2,regular,IN,VENDOR_ACCESS," outside OUT",DIST,,TCP/22,permit,allow Google (Vendor) access to RTU,,,0,,,true,
SubStation10,208,14,153,FromOUTSIDE,RULE_3,regular,IN,EMS_SERVERS," outside OUT",DIST,SCADA,SCADA,permit,allow DIST access to EMS_SERVERS,,,4,,,true,
SubStation10,209,15,154,FromOUTSIDE,RULE_4,regular,IN,JUMP_HOST," outside OUT",DIST,,TCP/22,permit,,,,0,,,true,
SubStation10,210,16,155,FromOUTSIDE,RULE_5,regular,IN,*," outside OUT",*,,IP/*,deny,,,,0,,,true,
SubStation11,196,17,144,FromINSIDE,RULE_1,regular,IN,DIST," inside OUT",EMS_FEP,ICCP_DATA,ICCP_DATA,permit,***** BEGIN FromINSIDE ACL *****  allow access to EMS_FEP,,,2,,,true,
SubStation11,197,18,145,FromINSIDE,RULE_2,regular,IN,*," inside OUT",*,,IP/*,deny,,,,0,,,true,
SubStation11,198,19,150,FromOUTSIDE,RULE_1,regular,IN,PEER_UTILS," outside OUT",DIST,ICCP_DATA,ICCP_DATA,permit,***** BEGIN FromOUTSIDE ACL *****  allow Peer Utilities Access to Substations via ICCP,,,2,,,true,
SubStation11,199,20,152,FromOUTSIDE,RULE_2,regular,IN,VENDOR_ACCESS," outside OUT",DIST,,TCP/22,permit,allow Google (Vendor) access to RTU,,,0,,,true,
SubStation11,200,21,154,FromOUTSIDE,RULE_3,regular,IN,EMS_SERVERS," outside OUT",DIST,SCADA,SCADA,permit,allow DIST access to EMS_SERVERS,,,4,,,true,
SubStation11,201,22,155,FromOUTSIDE,RULE_4,regular,IN,JUMP_HOST," outside OUT",DIST,,TCP/22,permit,,,,0,,,true,
SubStation11,202,23,156,FromOUTSIDE,RULE_5,regular,IN,*," outside OUT",*,,IP/*,deny,,,,0,,,true,
SubStation12,218,24,143,FromINSIDE,RULE_1,regular,IN,DIST," inside OUT",EMS_FEP,ICCP_DATA,ICCP_DATA,permit,***** BEGIN FromINSIDE ACL *****  allow access to EMS_FEP,,,2,,,true,
SubStation12,219,25,144,FromINSIDE,RULE_2,regular,IN,*," inside OUT",*,,IP/*,deny,,,,0,,,true,
SubStation12,220,26,149,FromOUTSIDE,RULE_1,regular,IN,PEER_UTILS," outside OUT",DIST,ICCP_DATA,ICCP_DATA,permit,***** BEGIN FromOUTSIDE ACL *****  allow Peer Utilities Access to Substations via ICCP,,,2,,,true,
SubStation12,221,27,151,FromOUTSIDE,RULE_2,regular,IN,VENDOR_ACCESS," outside OUT",DIST,,TCP/22,permit,allow Google (Vendor) access to RTU,,,0,,,true,
SubStation12,222,28,153,FromOUTSIDE,RULE_3,regular,IN,EMS_SERVERS," outside OUT",DIST,SCADA,SCADA,permit,allow DIST access to EMS_SERVERS,,,4,,,true,
SubStation12,223,29,154,FromOUTSIDE,RULE_4,regular,IN,JUMP_HOST," outside OUT",DIST,,TCP/22,permit,,,,0,,,true,
SubStation12,224,30,155,FromOUTSIDE,RULE_5,regular,IN,*," outside OUT",*,,IP/*,deny,,,,0,,,true,
SubStation13,211,31,142,FromINSIDE,RULE_1,regular,IN,DIST," inside OUT",EMS_FEP,ICCP_DATA,ICCP_DATA,permit,***** BEGIN FromINSIDE ACL *****  allow access to EMS_FEP,,,2,,,true,
SubStation13,212,32,143,FromINSIDE,RULE_2,regular,IN,*," inside OUT",*,,IP/*,deny,,,,0,,,true,
SubStation13,213,33,148,FromOUTSIDE,RULE_1,regular,IN,PEER_UTILS," outside OUT",DIST,ICCP_DATA,ICCP_DATA,permit,***** BEGIN FromOUTSIDE ACL *****  allow Peer Utilities Access to Substations via ICCP,,,2,,,true,
SubStation13,214,34,150,FromOUTSIDE,RULE_2,regular,IN,VENDOR_ACCESS," outside OUT",DIST,,TCP/22,permit,allow Google (Vendor) access to RTU,,,0,,,true,
SubStation13,215,35,152,FromOUTSIDE,RULE_3,regular,IN,EMS_SERVERS," outside OUT",DIST,SCADA,SCADA,permit,allow DIST access to EMS_SERVERS,,,4,,,true,
SubStation13,216,36,153,FromOUTSIDE,RULE_4,regular,IN,JUMP_HOST," outside OUT",DIST,,TCP/22,permit,,,,0,,,true,
SubStation13,217,37,154,FromOUTSIDE,RULE_5,regular,IN,*," outside OUT",*,,IP/*,deny,,,,0,,,true,
SubStation14,233,38,145,FromINSIDE,RULE_1,regular,IN,DIST," inside OUT",EMS_FEP,ICCP_DATA,ICCP_DATA,permit,***** BEGIN FromINSIDE ACL *****  allow access to EMS_FEP,,,2,,,true,
SubStation14,234,39,146,FromINSIDE,RULE_2,regular,IN,*," inside OUT",*,,IP/*,deny,,,,0,,,true,
SubStation14,235,40,151,FromOUTSIDE,RULE_1,regular,IN,PEER_UTILS," outside OUT",DIST,ICCP_DATA,ICCP_DATA,permit,***** BEGIN FromOUTSIDE ACL *****  allow Peer Utilities Access to Substations via ICCP,,,2,,,true,
SubStation14,236,41,153,FromOUTSIDE,RULE_2,regular,IN,VENDOR_ACCESS," outside OUT",DIST,,TCP/22,permit,allow Google (Vendor) access to RTU,,,0,,,true,
SubStation14,237,42,155,FromOUTSIDE,RULE_3,regular,IN,EMS_SERVERS," outside OUT",DIST,SCADA,SCADA,permit,allow DIST access to EMS_SERVERS,,,4,,,true,
SubStation14,238,43,156,FromOUTSIDE,RULE_4,regular,IN,JUMP_HOST," outside OUT",DIST,,TCP/22,permit,,,,0,,,true,
SubStation14,239,44,157,FromOUTSIDE,RULE_5,regular,IN,*," outside OUT",*,,IP/*,deny,,,,0,,,true,
SubStation15,225,45,141,FromINSIDE,RULE_1,regular,IN,DIST," inside OUT",FTP_SERVER,FTP_DATA,FTP_DATA,permit,***** BEGIN FromINSIDE ACL *****  allow access to EMS_FEP,,,2,,,true,
SubStation15,226,46,142,FromINSIDE,RULE_2,regular,IN,DIST," inside OUT",EMS_FEP,ICCP_DATA,ICCP_DATA,permit,,,,2,,,true,
SubStation15,227,47,143,FromINSIDE,RULE_3,regular,IN,*," inside OUT",*,,IP/*,deny,,,,0,,,true,
SubStation15,228,48,148,FromOUTSIDE,RULE_1,regular,IN,PEER_UTILS," outside OUT",DIST,ICCP_DATA,ICCP_DATA,permit,***** BEGIN FromOUTSIDE ACL *****  allow Peer Utilities Access to Substations via ICCP,,,2,,,true,
SubStation15,229,49,150,FromOUTSIDE,RULE_2,regular,IN,VENDOR_ACCESS," outside OUT",DIST,,TCP/22,permit,allow Google (Vendor) access to RTU,,,0,,,true,
SubStation15,230,50,152,FromOUTSIDE,RULE_3,regular,IN,EMS_SERVERS," outside OUT",DIST,SCADA,SCADA,permit,allow DIST access to EMS_SERVERS,,,4,,,true,
SubStation15,231,51,153,FromOUTSIDE,RULE_4,regular,IN,JUMP_HOST," outside OUT",DIST,,TCP/22,permit,,,,0,,,true,
SubStation15,232,52,154,FromOUTSIDE,RULE_5,regular,IN,*," outside OUT",*,,IP/*,deny,,,,0,,,true,
SubStation16,247,53,145,FromINSIDE,RULE_1,regular,IN,DIST," inside OUT",EMS_FEP,ICCP_DATA,ICCP_DATA,permit,***** BEGIN FromINSIDE ACL *****  allow access to EMS_FEP,,,2,,,true,
SubStation16,248,54,146,FromINSIDE,RULE_2,regular,IN,*," inside OUT",*,,IP/*,deny,,,,0,,,true,
SubStation16,249,55,151,FromOUTSIDE,RULE_1,regular,IN,PEER_UTILS," outside OUT",DIST,ICCP_DATA,ICCP_DATA,permit,***** BEGIN FromOUTSIDE ACL *****  allow Peer Utilities Access to Substations via ICCP,,,2,,,true,
SubStation16,250,56,153,FromOUTSIDE,RULE_2,regular,IN,VENDOR_ACCESS," outside OUT",DIST,,TCP/22,permit,allow Google (Vendor) access to RTU,,,0,,,true,
SubStation16,251,57,155,FromOUTSIDE,RULE_3,regular,IN,EMS_SERVERS," outside OUT",DIST,SCADA,SCADA,permit,allow DIST access to EMS_SERVERS,,,4,,,true,
SubStation16,252,58,156,FromOUTSIDE,RULE_4,regular,IN,JUMP_HOST," outside OUT",DIST,,TCP/22,permit,,,,0,,,true,
SubStation16,253,59,157,FromOUTSIDE,RULE_5,regular,IN,*," outside OUT",*,,IP/*,deny,,,,0,,,true,
SubStation17,240,60,143,FromINSIDE,RULE_1,regular,IN,DIST," inside OUT",EMS_FEP,ICCP_DATA,ICCP_DATA,permit,***** BEGIN FromINSIDE ACL *****  allow access to EMS_FEP,,,2,,,true,
SubStation17,241,61,144,FromINSIDE,RULE_2,regular,IN,*," inside OUT",*,,IP/*,deny,,,,0,,,true,
SubStation17,242,62,149,FromOUTSIDE,RULE_1,regular,IN,PEER_UTILS," outside OUT",DIST,ICCP_DATA,ICCP_DATA,permit,***** BEGIN FromOUTSIDE ACL *****  allow Peer Utilities Access to Substations via ICCP,,,2,,,true,
SubStation17,243,63,151,FromOUTSIDE,RULE_2,regular,IN,VENDOR_ACCESS," outside OUT",DIST,,TCP/22,permit,allow Google (Vendor) access to RTU,,,0,,,true,
SubStation17,244,64,153,FromOUTSIDE,RULE_3,regular,IN,EMS_SERVERS," outside OUT",DIST,SCADA,SCADA,permit,allow DIST access to EMS_SERVERS,,,4,,,true,
SubStation17,245,65,154,FromOUTSIDE,RULE_4,regular,IN,JUMP_HOST," outside OUT",DIST,,TCP/22,permit,,,,0,,,true,
SubStation17,246,66,155,FromOUTSIDE,RULE_5,regular,IN,*," outside OUT",*,,IP/*,deny,,,,0,,,true,
SubStation18,261,67,142,FromINSIDE,RULE_1,regular,IN,DIST," inside OUT",EMS_FEP,ICCP_DATA,ICCP_DATA,permit,***** BEGIN FromINSIDE ACL *****  allow access to EMS_FEP,,,2,,,true,
SubStation18,262,68,143,FromINSIDE,RULE_2,regular,IN,*," inside OUT",*,,IP/*,deny,,,,0,,,true,
SubStation18,263,69,148,FromOUTSIDE,RULE_1,regular,IN,PEER_UTILS," outside OUT",DIST,ICCP_DATA,ICCP_DATA,permit,***** BEGIN FromOUTSIDE ACL *****  allow Peer Utilities Access to Substations via ICCP,,,2,,,true,
SubStation18,264,70,150,FromOUTSIDE,RULE_2,regular,IN,VENDOR_ACCESS," outside OUT",DIST,,TCP/22,permit,allow Google (Vendor) access to RTU,,,0,,,true,
SubStation18,265,71,152,FromOUTSIDE,RULE_3,regular,IN,EMS_SERVERS," outside OUT",DIST,SCADA,SCADA,permit,allow DIST access to EMS_SERVERS,,,4,,,true,
SubStation18,266,72,153,FromOUTSIDE,RULE_4,regular,IN,JUMP_HOST," outside OUT",DIST,,TCP/22,permit,,,,0,,,true,
SubStation18,267,73,154,FromOUTSIDE,RULE_5,regular,IN,*," outside OUT",*,,IP/*,deny,,,,0,,,true,
SubStation19,254,74,143,FromINSIDE,RULE_1,regular,IN,DIST," inside OUT",EMS_FEP,ICCP_DATA,ICCP_DATA,permit,***** BEGIN FromINSIDE ACL *****  allow access to EMS_FEP,,,2,,,true,
SubStation19,255,75,144,FromINSIDE,RULE_2,regular,IN,*," inside OUT",*,,IP/*,deny,,,,0,,,true,
SubStation19,256,76,149,FromOUTSIDE,RULE_1,regular,IN,PEER_UTILS," outside OUT",DIST,ICCP_DATA,ICCP_DATA,permit,***** BEGIN FromOUTSIDE ACL *****  allow Peer Utilities Access to Substations via ICCP,,,2,,,true,
SubStation19,257,77,151,FromOUTSIDE,RULE_2,regular,IN,VENDOR_ACCESS," outside OUT",DIST,,TCP/22,permit,allow Google (Vendor) access to RTU,,,0,,,true,
SubStation19,258,78,153,FromOUTSIDE,RULE_3,regular,IN,EMS_SERVERS," outside OUT",DIST,SCADA,SCADA,permit,allow DIST access to EMS_SERVERS,,,4,,,true,
SubStation19,259,79,154,FromOUTSIDE,RULE_4,regular,IN,JUMP_HOST," outside OUT",DIST,,TCP/22,permit,,,,0,,,true,
SubStation19,260,80,155,FromOUTSIDE,RULE_5,regular,IN,*," outside OUT",*,,IP/*,deny,,,,0,,,true,
SubStation2,312,81,143,FromINSIDE,RULE_1,regular,IN,DIST," inside OUT",FTP_SERVER,FTP_DATA,FTP_DATA,permit,***** BEGIN FromINSIDE ACL *****  allow access to EMS_FEP,,,2,,,true,
SubStation2,313,82,144,FromINSIDE,RULE_2,regular,IN,DIST," inside OUT",EMS_FEP,ICCP_DATA,ICCP_DATA,permit,,,,2,,,true,
SubStation2,314,83,145,FromINSIDE,RULE_3,regular,IN,*," inside OUT",*,,IP/*,deny,,,,0,,,true,
SubStation2,315,84,150,FromOUTSIDE,RULE_1,regular,IN,PEER_UTILS," outside OUT",DIST,ICCP_DATA,ICCP_DATA,permit,***** BEGIN FromOUTSIDE ACL *****  allow Peer Utilities Access to Substations via ICCP,,,2,,,true,
SubStation2,316,85,152,FromOUTSIDE,RULE_2,regular,IN,VENDOR_ACCESS," outside OUT",DIST,,TCP/22,permit,allow Google (Vendor) access to RTU,,,0,,,true,
SubStation2,317,86,154,FromOUTSIDE,RULE_3,regular,IN,EMS_SERVERS," outside OUT",DIST,SCADA,SCADA,permit,allow DIST access to EMS_SERVERS,,,4,,,true,
SubStation2,318,87,155,FromOUTSIDE,RULE_4,regular,IN,JUMP_HOST," outside OUT",DIST,,TCP/22,permit,,,,0,,,true,
SubStation2,319,88,156,FromOUTSIDE,RULE_5,regular,IN,*," outside OUT",*,,IP/*,deny,,,,0,,,true,
SubStation20,334,89,141,FromINSIDE,RULE_1,regular,IN,DIST," inside OUT",EMS_FEP,ICCP_DATA,ICCP_DATA,permit,***** BEGIN FromINSIDE ACL *****  allow access to EMS_FEP,,,2,,,true,
SubStation20,335,90,142,FromINSIDE,RULE_2,regular,IN,*," inside OUT",*,,IP/*,deny,,,,0,,,true,
SubStation20,336,91,147,FromOUTSIDE,RULE_1,regular,IN,PEER_UTILS," outside OUT",DIST,ICCP_DATA,ICCP_DATA,permit,***** BEGIN FromOUTSIDE ACL *****  allow Peer Utilities Access to Substations via ICCP,,,2,,,true,
SubStation20,337,92,149,FromOUTSIDE,RULE_2,regular,IN,VENDOR_ACCESS," outside OUT",DIST,,TCP/22,permit,allow Google (Vendor) access to RTU,,,0,,,true,
SubStation20,338,93,151,FromOUTSIDE,RULE_3,regular,IN,EMS_SERVERS," outside OUT",DIST,SCADA,SCADA,permit,allow DIST access to EMS_SERVERS,,,4,,,true,
SubStation20,339,94,152,FromOUTSIDE,RULE_4,regular,IN,JUMP_HOST," outside OUT",DIST,,TCP/22,permit,,,,0,,,true,
SubStation20,340,95,153,FromOUTSIDE,RULE_5,regular,IN,*," outside OUT",*,,IP/*,deny,,,,0,,,true,
SubStation21,341,96,142,FromINSIDE,RULE_1,regular,IN,DIST," inside OUT",EMS_FEP,ICCP_DATA,ICCP_DATA,permit,***** BEGIN FromINSIDE ACL *****  allow access to EMS_FEP,,,2,,,true,
SubStation21,342,97,143,FromINSIDE,RULE_2,regular,IN,*," inside OUT",*,,IP/*,deny,,,,0,,,true,
SubStation21,343,98,148,FromOUTSIDE,RULE_1,regular,IN,PEER_UTILS," outside OUT",DIST,ICCP_DATA,ICCP_DATA,permit,***** BEGIN FromOUTSIDE ACL *****  allow Peer Utilities Access to Substations via ICCP,,,2,,,true,
SubStation21,344,99,150,FromOUTSIDE,RULE_2,regular,IN,VENDOR_ACCESS," outside OUT",DIST,,TCP/22,permit,allow Google (Vendor) access to RTU,,,0,,,true,
SubStation21,345,100,152,FromOUTSIDE,RULE_3,regular,IN,EMS_SERVERS," outside OUT",DIST,SCADA,SCADA,permit,allow DIST access to EMS_SERVERS,,,4,,,true,
SubStation21,346,101,153,FromOUTSIDE,RULE_4,regular,IN,JUMP_HOST," outside OUT",DIST,,TCP/22,permit,,,,0,,,true,
SubStation21,347,102,154,FromOUTSIDE,RULE_5,regular,IN,*," outside OUT",*,,IP/*,deny,,,,0,,,true,
SubStation22,348,103,145,FromINSIDE,RULE_1,regular,IN,DIST," inside OUT",EMS_FEP,ICCP_DATA,ICCP_DATA,permit,***** BEGIN FromINSIDE ACL *****  allow access to EMS_FEP,,,2,,,true,
SubStation22,349,104,146,FromINSIDE,RULE_2,regular,IN,*," inside OUT",*,,IP/*,deny,,,,0,,,true,
SubStation22,350,105,151,FromOUTSIDE,RULE_1,regular,IN,PEER_UTILS," outside OUT",DIST,ICCP_DATA,ICCP_DATA,permit,***** BEGIN FromOUTSIDE ACL *****  allow Peer Utilities Access to Substations via ICCP,,,2,,,true,
SubStation22,351,106,153,FromOUTSIDE,RULE_2,regular,IN,VENDOR_ACCESS," outside OUT",DIST,,TCP/22,permit,allow Google (Vendor) access to RTU,,,0,,,true,
SubStation22,352,107,155,FromOUTSIDE,RULE_3,regular,IN,EMS_SERVERS," outside OUT",DIST,SCADA,SCADA,permit,allow DIST access to EMS_SERVERS,,,4,,,true,
SubStation22,353,108,156,FromOUTSIDE,RULE_4,regular,IN,JUMP_HOST," outside OUT",DIST,,TCP/22,permit,,,,0,,,true,
SubStation22,354,109,157,FromOUTSIDE,RULE_5,regular,IN,*," outside OUT",*,,IP/*,deny,,,,0,,,true,
SubStation23,355,110,140,FromINSIDE,RULE_1,regular,IN,DIST," inside OUT",EMS_FEP,ICCP_DATA,ICCP_DATA,permit,***** BEGIN FromINSIDE ACL *****  allow access to EMS_FEP,,,2,,,true,
SubStation23,356,111,141,FromINSIDE,RULE_2,regular,IN,*," inside OUT",*,,IP/*,deny,,,,0,,,true,
SubStation23,357,112,146,FromOUTSIDE,RULE_1,regular,IN,PEER_UTILS," outside OUT",DIST,ICCP_DATA,ICCP_DATA,permit,***** BEGIN FromOUTSIDE ACL *****  allow Peer Utilities Access to Substations via ICCP,,,2,,,true,
SubStation23,358,113,148,FromOUTSIDE,RULE_2,regular,IN,VENDOR_ACCESS," outside OUT",DIST,,TCP/22,permit,allow Google (Vendor) access to RTU,,,0,,,true,
SubStation23,359,114,150,FromOUTSIDE,RULE_3,regular,IN,EMS_SERVERS," outside OUT",DIST,SCADA,SCADA,permit,allow DIST access to EMS_SERVERS,,,4,,,true,
SubStation23,360,115,151,FromOUTSIDE,RULE_4,regular,IN,JUMP_HOST," outside OUT",DIST,,TCP/22,permit,,,,0,,,true,
SubStation23,361,116,152,FromOUTSIDE,RULE_5,regular,IN,*," outside OUT",*,,IP/*,deny,,,,0,,,true,
SubStation24,362,117,143,FromINSIDE,RULE_1,regular,IN,DIST," inside OUT",EMS_FEP,ICCP_DATA,ICCP_DATA,permit,***** BEGIN FromINSIDE ACL *****  allow access to EMS_FEP,,,2,,,true,
SubStation24,363,118,144,FromINSIDE,RULE_2,regular,IN,*," inside OUT",*,,IP/*,deny,,,,0,,,true,
SubStation24,364,119,149,FromOUTSIDE,RULE_1,regular,IN,PEER_UTILS," outside OUT",DIST,ICCP_DATA,ICCP_DATA,permit,***** BEGIN FromOUTSIDE ACL *****  allow Peer Utilities Access to Substations via ICCP,,,2,,,true,
SubStation24,365,120,151,FromOUTSIDE,RULE_2,regular,IN,VENDOR_ACCESS," outside OUT",DIST,,TCP/22,permit,allow Google (Vendor) access to RTU,,,0,,,true,
SubStation24,366,121,153,FromOUTSIDE,RULE_3,regular,IN,EMS_SERVERS," outside OUT",DIST,SCADA,SCADA,permit,allow DIST access to EMS_SERVERS,,,4,,,true,
SubStation24,367,122,154,FromOUTSIDE,RULE_4,regular,IN,JUMP_HOST," outside OUT",DIST,,TCP/22,permit,,,,0,,,true,
SubStation24,368,123,155,FromOUTSIDE,RULE_5,regular,IN,*," outside OUT",*,,IP/*,deny,,,,0,,,true,
SubStation3,305,124,144,FromINSIDE,RULE_1,regular,IN,DIST," inside OUT",EMS_FEP,ICCP_DATA,ICCP_DATA,permit,***** BEGIN FromINSIDE ACL *****  allow access to EMS_FEP,,,2,,,true,
SubStation3,306,125,145,FromINSIDE,RULE_2,regular,IN,*," inside OUT",*,,IP/*,deny,,,,0,,,true,
SubStation3,307,126,150,FromOUTSIDE,RULE_1,regular,IN,PEER_UTILS," outside OUT",DIST,ICCP_DATA,ICCP_DATA,permit,***** BEGIN FromOUTSIDE ACL *****  allow Peer Utilities Access to Substations via ICCP,,,2,,,true,
SubStation3,308,127,152,FromOUTSIDE,RULE_2,regular,IN,VENDOR_ACCESS," outside OUT",DIST,,TCP/22,permit,allow Google (Vendor) access to RTU,,,0,,,true,
SubStation3,309,128,154,FromOUTSIDE,RULE_3,regular,IN,EMS_SERVERS," outside OUT",DIST,SCADA,SCADA,permit,allow DIST access to EMS_SERVERS,,,4,,,true,
SubStation3,310,129,155,FromOUTSIDE,RULE_4,regular,IN,JUMP_HOST," outside OUT",DIST,,TCP/22,permit,,,,0,,,true,
SubStation3,311,130,156,FromOUTSIDE,RULE_5,regular,IN,*," outside OUT",*,,IP/*,deny,,,,0,,,true,
SubStation4,275,131,141,FromINSIDE,RULE_1,regular,IN,DIST," inside OUT",EMS_FEP,ICCP_DATA,ICCP_DATA,permit,***** BEGIN FromINSIDE ACL *****  allow access to EMS_FEP,,,2,,,true,
SubStation4,276,132,142,FromINSIDE,RULE_2,regular,IN,*," inside OUT",*,,IP/*,deny,,,,0,,,true,
SubStation4,277,133,147,FromOUTSIDE,RULE_1,regular,IN,PEER_UTILS," outside OUT",DIST,ICCP_DATA,ICCP_DATA,permit,***** BEGIN FromOUTSIDE ACL *****  allow Peer Utilities Access to Substations via ICCP,,,2,,,true,
SubStation4,278,134,149,FromOUTSIDE,RULE_2,regular,IN,VENDOR_ACCESS," outside OUT",DIST,,TCP/22,permit,allow Google (Vendor) access to RTU,,,0,,,true,
SubStation4,279,135,151,FromOUTSIDE,RULE_3,regular,IN,EMS_SERVERS," outside OUT",DIST,SCADA,SCADA,permit,allow DIST access to EMS_SERVERS,,,4,,,true,
SubStation4,280,136,152,FromOUTSIDE,RULE_4,regular,IN,JUMP_HOST," outside OUT",DIST,,TCP/22,permit,,,,0,,,true,
SubStation4,281,137,153,FromOUTSIDE,RULE_5,regular,IN,*," outside OUT",*,,IP/*,deny,,,,0,,,true,
SubStation5,268,138,142,FromINSIDE,RULE_1,regular,IN,DIST," inside OUT",EMS_FEP,ICCP_DATA,ICCP_DATA,permit,***** BEGIN FromINSIDE ACL *****  allow access to EMS_FEP,,,2,,,true,
SubStation5,269,139,143,FromINSIDE,RULE_2,regular,IN,*," inside OUT",*,,IP/*,deny,,,,0,,,true,
SubStation5,270,140,148,FromOUTSIDE,RULE_1,regular,IN,PEER_UTILS," outside OUT",DIST,ICCP_DATA,ICCP_DATA,permit,***** BEGIN FromOUTSIDE ACL *****  allow Peer Utilities Access to Substations via ICCP,,,2,,,true,
SubStation5,271,141,150,FromOUTSIDE,RULE_2,regular,IN,VENDOR_ACCESS," outside OUT",DIST,,TCP/22,permit,allow Google (Vendor) access to RTU,,,0,,,true,
SubStation5,272,142,152,FromOUTSIDE,RULE_3,regular,IN,EMS_SERVERS," outside OUT",DIST,SCADA,SCADA,permit,allow DIST access to EMS_SERVERS,,,4,,,true,
SubStation5,273,143,153,FromOUTSIDE,RULE_4,regular,IN,JUMP_HOST," outside OUT",DIST,,TCP/22,permit,,,,0,,,true,
SubStation5,274,144,154,FromOUTSIDE,RULE_5,regular,IN,*," outside OUT",*,,IP/*,deny,,,,0,,,true,
SubStation6,290,145,143,FromINSIDE,RULE_1,regular,IN,DIST," inside OUT",EMS_FEP,ICCP_DATA,ICCP_DATA,permit,***** BEGIN FromINSIDE ACL *****  allow access to EMS_FEP,,,2,,,true,
SubStation6,291,146,144,FromINSIDE,RULE_2,regular,IN,*," inside OUT",*,,IP/*,deny,,,,0,,,true,
SubStation6,292,147,149,FromOUTSIDE,RULE_1,regular,IN,PEER_UTILS," outside OUT",DIST,ICCP_DATA,ICCP_DATA,permit,***** BEGIN FromOUTSIDE ACL *****  allow Peer Utilities Access to Substations via ICCP,,,2,,,true,
SubStation6,293,148,151,FromOUTSIDE,RULE_2,regular,IN,VENDOR_ACCESS," outside OUT",DIST,,TCP/22,permit,allow Google (Vendor) access to RTU,,,0,,,true,
SubStation6,294,149,153,FromOUTSIDE,RULE_3,regular,IN,EMS_SERVERS," outside OUT",DIST,SCADA,SCADA,permit,allow DIST access to EMS_SERVERS,,,4,,,true,
SubStation6,295,150,154,FromOUTSIDE,RULE_4,regular,IN,JUMP_HOST," outside OUT",DIST,,TCP/22,permit,,,,0,,,true,
SubStation6,296,151,155,FromOUTSIDE,RULE_5,regular,IN,*," outside OUT",*,,IP/*,deny,,,,0,,,true,
SubStation7,282,152,140,FromINSIDE,RULE_1,regular,IN,DIST," inside OUT",FTP_SERVER,FTP_DATA,FTP_DATA,permit,***** BEGIN FromINSIDE ACL *****  allow access to EMS_FEP,,,2,,,true,
SubStation7,283,153,141,FromINSIDE,RULE_2,regular,IN,DIST," inside OUT",EMS_FEP,ICCP_DATA,ICCP_DATA,permit,,,,2,,,true,
SubStation7,284,154,142,FromINSIDE,RULE_3,regular,IN,*," inside OUT",*,,IP/*,deny,,,,0,,,true,
SubStation7,285,155,147,FromOUTSIDE,RULE_1,regular,IN,PEER_UTILS," outside OUT",DIST,ICCP_DATA,ICCP_DATA,permit,***** BEGIN FromOUTSIDE ACL *****  allow Peer Utilities Access to Substations via ICCP,,,2,,,true,
SubStation7,286,156,149,FromOUTSIDE,RULE_2,regular,IN,VENDOR_ACCESS," outside OUT",DIST,,TCP/22,permit,allow Google (Vendor) access to RTU,,,0,,,true,
SubStation7,287,157,151,FromOUTSIDE,RULE_3,regular,IN,EMS_SERVERS," outside OUT",DIST,SCADA,SCADA,permit,allow DIST access to EMS_SERVERS,,,4,,,true,
SubStation7,288,158,152,FromOUTSIDE,RULE_4,regular,IN,JUMP_HOST," outside OUT",DIST,,TCP/22,permit,,,,0,,,true,
SubStation7,289,159,153,FromOUTSIDE,RULE_5,regular,IN,*," outside OUT",*,,IP/*,deny,,,,0,,,true,
SubStation8,327,160,140,FromINSIDE,RULE_1,regular,IN,DIST," inside OUT",EMS_FEP,ICCP_DATA,ICCP_DATA,permit,***** BEGIN FromINSIDE ACL *****  allow access to EMS_FEP,,,2,,,true,
SubStation8,328,161,141,FromINSIDE,RULE_2,regular,IN,*," inside OUT",*,,IP/*,deny,,,,0,,,true,
SubStation8,329,162,146,FromOUTSIDE,RULE_1,regular,IN,PEER_UTILS," outside OUT",DIST,ICCP_DATA,ICCP_DATA,permit,***** BEGIN FromOUTSIDE ACL *****  allow Peer Utilities Access to Substations via ICCP,,,2,,,true,
SubStation8,330,163,148,FromOUTSIDE,RULE_2,regular,IN,VENDOR_ACCESS," outside OUT",DIST,,TCP/22,permit,allow Google (Vendor) access to RTU,,,0,,,true,
SubStation8,331,164,150,FromOUTSIDE,RULE_3,regular,IN,EMS_SERVERS," outside OUT",DIST,SCADA,SCADA,permit,allow DIST access to EMS_SERVERS,,,4,,,true,
SubStation8,332,165,151,FromOUTSIDE,RULE_4,regular,IN,JUMP_HOST," outside OUT",DIST,,TCP/22,permit,,,,0,,,true,
SubStation8,333,166,152,FromOUTSIDE,RULE_5,regular,IN,*," outside OUT",*,,IP/*,deny,,,,0,,,true,
SubStation9,320,167,144,FromINSIDE,RULE_1,regular,IN,DIST," inside OUT",EMS_FEP,ICCP_DATA,ICCP_DATA,permit,***** BEGIN FromINSIDE ACL *****  allow access to EMS_FEP,,,2,,,true,
SubStation9,321,168,145,FromINSIDE,RULE_2,regular,IN,*," inside OUT",*,,IP/*,deny,,,,0,,,true,
SubStation9,322,169,150,FromOUTSIDE,RULE_1,regular,IN,PEER_UTILS," outside OUT",DIST,ICCP_DATA,ICCP_DATA,permit,***** BEGIN FromOUTSIDE ACL *****  allow Peer Utilities Access to Substations via ICCP,,,2,,,true,
SubStation9,323,170,152,FromOUTSIDE,RULE_2,regular,IN,VENDOR_ACCESS," outside OUT",DIST,,TCP/22,permit,allow Google (Vendor) access to RTU,,,0,,,true,
SubStation9,324,171,154,FromOUTSIDE,RULE_3,regular,IN,EMS_SERVERS," outside OUT",DIST,SCADA,SCADA,permit,allow DIST access to EMS_SERVERS,,,4,,,true,
SubStation9,325,172,155,FromOUTSIDE,RULE_4,regular,IN,JUMP_HOST," outside OUT",DIST,,TCP/22,permit,,,,0,,,true,
SubStation9,326,173,156,FromOUTSIDE,RULE_5,regular,IN,*," outside OUT",*,,IP/*,deny,,,,0,,,true,
ciscoasa,185,174,322,FromOUTSIDE,RULE_1,regular,IN,EMS_SERVERS," outside OUT",DIST,SCADA,SCADA,permit,***** BEGIN FromINSIDE ACL *****  allow access to DIST RELAYS,,,92,,,true,
ciscoasa,186,175,324,FromOUTSIDE,RULE_2,regular,IN,PEER_UTILS," outside OUT",DIST,ICCP_DATA,ICCP_DATA,permit,allow Peer Utilities Access to Substations via ICCP,,,46,,,true,
ciscoasa,187,176,326,FromOUTSIDE,RULE_3,regular,IN,VENDOR_ACCESS," outside OUT",DIST,,TCP/22,permit,allow Google (Vendor) access to RTU,,,0,,,true,
ciscoasa,188,177,327,FromOUTSIDE,RULE_4,regular,IN,*," outside OUT",JUMP_HOST,,TCP/22,permit,,,,0,,,true,
ciscoasa,189,178,328,FromOUTSIDE,RULE_5,regular,IN,*," outside OUT",*,,IP/*,deny,,,,0,,,true,
ciscoasa,190,179,330,FromOUTSIDE,RULE_6,regular,IN,JUMP_HOST," outside OUT",DIST,,TCP/22,permit,***** END FromINSIDE ACL *****,,,0,,,true,
ciscoasa,191,180,334,FromINSIDE,RULE_1,regular,IN,DIST," inside OUT",EMS_FEP,ICCP_DATA,ICCP_DATA,permit,***** BEGIN FromOUTSIDE ACL *****  allow DIST access to EMS FEP,,,48,,,true,
ciscoasa,192,181,336,FromINSIDE,RULE_2,regular,IN,DIST_FTP," inside OUT",FTP_SERVER,FTP_DATA,FTP_DATA,permit,allow RTU access to FTP,,,10,,,true,
ciscoasa,193,182,337,FromINSIDE,RULE_3,regular,IN,*," inside OUT",*,,IP/*,deny,,,,0,,,true,
ciscoasa,194,183,339,FromDMZ,RULE_1,regular,IN,JUMP_HOST," dmz OUT",DIST,,TCP/22,permit,************ DMZ for jump hosts ***********,,,0,,,true,
ciscoasa,195,184,340,FromDMZ,RULE_2,regular,IN,JUMP_HOST," dmz OUT",DIST_FTP,,TCP/22,permit,,,,0,,,true,
