1.txt,07df6ec5191f89549c328ff57b1e71f1
10.txt,b6970477e28eb540e5ea0522de5df37f
100.txt,20112e03abf19334e06c4dcb605aa423
102.txt,02fbd07dd10350b9f332eae2733ccbb1
104.txt,43f6be41eee2fa3e2d9733ba5e8f42c7
105.txt,b4e394621245fa046de62d826ad2c7c6
107.txt,c16786042fad88ee1cb40c31c115249f
108.txt,b609a5f060c4d241514e75fd17ee3823
109.txt,c7beeaa200d56cdb294aee43a54c17ef
112.txt,aa6a2e33347004fa9a97cac3fb0d020c
116.txt,eb4e9ed05ef68eb4d1ea16a02098a1b8
117.txt,013435fb13082df4416500b7030521b0
118.txt,29d5ed9e1c3c71325e0d3aa094c18a65
119.txt,92097be4343fe58ad8b4703f9ff1154a
12.txt,ccc0ac0313018c891fecd23f17bb754f
120.txt,547f6ad21cf082b0e3f5d0ce91f8800e
121.txt,506f65268712b93f2b22e56d11a96cbd
122.txt,e91b71b078a3b6cb6b8bd6931567cd9c
124.txt,6aa73aafa7900a911c4bf3e9b1bf4e2c
125.txt,6c7d3a470bcd0ed4ac589670f56cd049
126.txt,1570eb185376e33bf924e5b74c10bec3
127.txt,d64e3d1df7549990670f4e8206c9c777
128.txt,30de683a85430b527982e4a9e65e35d7
129.txt,50f204e9a497d9fcda37ebab5cf0d06d
13.txt,158bf759458b8d2ae4db99c3d802e43a
130.txt,15edbcb6c3b7ea9debd8e7c64ecee0e8
131.txt,89435ca5fc62c2deae5634ae6ca5ee5b
132.txt,5459013e729377d624f4a98f9290237f
133.txt,e7554b8a3ee96753353a264a3b6e4f33
134.txt,4395e627bf81c4ab7ea9177429cc9866
135.txt,15c4e165fb2bf17661c159585e66e7e0
136.txt,f133157702a43f2d644d556eb7cc4e9c
137.txt,fadeb4c3b460e95b90ead526b3068647
138.txt,fd3829fd3fe590d9b01a284cba49eb4d
139.txt,488b34b0a606bf34b631a80484663ab3
14.txt,4011744e2ee0d66b7d906940f25231c9
140.txt,703a7fd4e8b6e57c899dc9ccb670adba
141.txt,f041df2d5f8f3a36afa70905a3a5fc8e
142.txt,5ede3cda3abf44d2af0860214b46d42b
143.txt,b50fd5b96c269379ad954dd05d3adffc
144.txt,4b20fbf0fb3f0037ab645a3388de3bad
145.txt,2c4794b7c7f2c8ab4fe6114cf8496a5e
146.txt,6b0be8b1340bde8026707e2ae651db10
147.txt,cc4b523414ab4523b1318a26bd982af5
148.txt,acf1a44020e4afa3cdb6b278c7492fcd
149.txt,50505e51303f0d7e8061687dbbe0c480
15.txt,cb119d1954b0f4062235db6bd3483f7b
151.txt,1c32c844b97b67b752164ddb43ef24dc
152.txt,4fd74a38c0e4a42720224541e36120cc
153.txt,2cd970348cc908f8a2c458e1913190e1
154.txt,2dec01dfe66eafe89026adbb2cc1bf15
155.txt,e23643a372fd6d0746b46eeb82c6275c
156.txt,a386211a9ba4859c20732baccf84303c
157.txt,f0e20e468eef0f4327164a850e1dff31
158.txt,16831457ea8e6c9ac655691f1aefdd1f
159.txt,4dc99ad02d8ee531fb7c01fead1ba8a3
16.txt,2eae83e3070ba3cf51f03ded0205550d
160.txt,89e2d65c37b34c3a18dbeb825b0604b4
161.txt,ca7db0d709217e0122d9513e3eaf493d
162.txt,fca9c50e4e12e33a1c5bea4fab86ae2d
163.txt,acae3bff7bb775389fdec7e211865a88
164.txt,b6a65236717ca2bf480169823da1bf7a
165.txt,2f704219a027c76d582902c000b3ab75
166.txt,7ed69738908408756e80d0755b536cbd
167.txt,409c5dd13b4120be9607a2e750b6295a
168.txt,6900ae28414d2a92a606129895a58248
169.txt,3fda21748856b20191703a6e0ca39216
170.txt,f6e97415f2b2f05ec471b615e5f823b1
171.txt,77cfc17ebf9a195bf1e6d53c61329f24
172.txt,fc9445e89ec7062088198fbc0159a1b7
173.txt,57754eead575391557d1d514554bddd6
174.txt,9ad63f04ac9ee4eb9e1752acb94a9639
175.txt,d262f8eb21c748641d478dd9a4545401
176.txt,be335c4a09791373fe98ea9d8a3ca4f8
177.txt,de4c5dd19e844e5775eb84d64c5fbdd5
178.txt,a16c39740676a04ee2e11a5c016146ab
181.txt,06f0804f14d3da56a4264bd9995fe6ad
182.txt,273a83cfee27294e1f3fe09f0df79463
183.txt,854eb92370821fc518e20079e8cc56b8
184.txt,1c8acfe7490ccf207e0921273332f649
185.txt,6a211830c3dd2ab8cd6660254d2855be
186.txt,aa06f1054f4c68ca356b9b59c0fb89aa
187.txt,c122b794527c06a7eb6afe82dfcca797
188.txt,02ccfc9100e67a1fd5d47d8db37ef458
189.txt,f84331e0e16c488d46227fcc17edb4f1
19.txt,0b164141c7b65cc7a273f0f159ccd8fd
190.txt,1aeb588d7714bfb003ab243a654d839f
191.txt,6f14955ba6dafb5b0813385397045640
192.txt,07622562df2dcf2787b928f430fa67d1
193.txt,dcbdaabeae98aa78403db4f3dc401cac
194.txt,6835519b0109424be3c3d6ad4c6fcce1
195.txt,47c0c5830aa85bac3bd7e728fa93085e
197.txt,ea6bfe2d8638c18384bb438e1416597e
198.txt,150753dbdef47e016fa51ed94444fc4e
2.txt,250df5d2d080b8158b41f2027ed671b6
20.txt,7c95b8b463e09104c9e2dd1809d0860a
201.txt,ee05bb012f7ce4e55a8b40e370288cb1
202.txt,e7d6301d7cbef92c0f4b58a12fe31d86
203.txt,90331f7d2044c441d910f61f2bc66582
204.txt,1daed20cfae43a75730e18cd083b735b
21.txt,8f7c9658d9773d138ca8a34cf310c906
210.txt,d42a2de382c4841919eb6aa0600c0b3b
211.txt,1988a7b137c8447ef7a0676cad78a4bd
214.txt,a8b83f9019924831c3e93734731cdda6
215.txt,0c532996d510c0f45dae04dd1e069d9f
216.txt,e005850efb26ba88ee85de18bc2537b7
217.txt,e3395975414da80102dfedd58685de3b
218.txt,eed3c66489962a050b8e4c193e5c9bbd
219.txt,cd44afd7750f3443a64fdf14263b7d80
22.txt,1cee41e7a09517a6fc770ccd95ed95cc
220.txt,23cba65e53b48d113bdd3180cfb68617
221.txt,8f42ecd6978aae65d572f8238d8225f3
226.txt,184db4fd906d05c07154c6073ac39983
227.txt,c3abb00ad3f2f2e7df93a1dd7fa57e63
23.txt,883e232b1c82b911d5c455d2fdcafc0d
230.txt,06d1f3ee1e6efc4f874f86c5c88ace3c
231.txt,8eedda7b5c168c3e5245c81737708a53
233.txt,263ca1b490a23c1d20bb8910c2a61fc9
236.txt,cd4f954e91c9acb8305ee35d37ab8986
237.txt,eb47e915810bdd0686eaa4793d9171c4
239.txt,021f2b2350ae91f4617c8b2fbd85537e
24.txt,ead396dc1e0fee043fe4d1ec1778bb5c
241.txt,28531fb017616bbc2d1dcf2ef9b1de90
242.txt,323cdc11c7b8db0c2c37f8536425052d
25.txt,adf5f78f9a3dd5ade6f421c6b37d1a9d
26.txt,7fabbdb2407e3980c5b33705d7b53970
281.txt,049640d75157fe7866155dc634c6ad63
3.txt,6e868e57b256aed046164b1e47acea55
319.txt,a6d4644220f1e0f41fe1ed875bcc8839
33.txt,92d8ed03994d0c5b70c5f99362108feb
34.txt,102030fb4f0c1983ed8e2f5bdb998624
35.txt,d1bc39a8bc3d2097f353d86ae28dad54
36.txt,87fed64c19d1bed5cc33436afe2dd6bc
38.txt,7f4621b0b7716db90368141e619d1ad6
39.txt,156b36bc784eed7a4539d6aaada7da8a
40.txt,bf1f431ecde91c439abb49621a62f1f4
41.txt,1107574b6e5822b4fbd2bf16484c796d
42.txt,5a3e0bd8a141dabf1874f8afcb466364
43.txt,e2ae8398b9ce5abde3eb97f0b367cb8d
44.txt,4d835270719ebc3ec27f4800b1ea1587
45.txt,8b65e7ae0b269163255bb79e681c6d03
46.txt,c5f8f711e1d75ba89c49243dd5cca33d
47.txt,8c14911d3af285d2f80cbf5c38bdc92f
49.txt,fc983e7656fa904c3022bdb25e2ba6e8
51.txt,ec80371760455492e9d81357b402065c
52.txt,04e2ba3176c08577595993232aed424d
54.txt,562e5fc7a2494bc5e88e346696886829
55.txt,40023aae81997cb00de81f7a95c900b9
552.txt,515c7231b7945cf34759bfcf9e9f0416
57.txt,42509bbd3eb68ca86e524a6e9393a794
58.txt,7589b259b3ba1cd2eca71a85c03468ac
59.txt,bcdb3826cd3ab15878fb401975102ec4
6.txt,ac0332091037764fd9c77be20ddb0d94
60.txt,059c5f721e35b600bf4d869fe6383cf0
61.txt,91b464aa58f9c3a8a36d201aba2c5d5e
62.txt,511805999add93e51f51a8611b78a839
63.txt,c1ef36fae619cc5a7683f7aa3f2302db
64.txt,abea3600e6b412efaafec99d17f9ea8d
69.txt,8d5b1241065bcbcfad94469434cbdc4c
7.txt,b00512ed41140247b11b229889b9b0ff
70.txt,7565c7434a0c4bab81c649577620e4d7
7001.txt,8dbdb21793e976ba962a408328aab14e
7002.txt,0d08bcd0680bc7fe6215b9199289dafb
7003.txt,314196e06349cdc9a843a082e4542bfd
7011.txt,00580955900647c4f6da4820a724303c
7012.txt,fd53a83dfd7d29b323caa17a3ba5cb99
7017.txt,3accc183f7d7b0007d5732979cc8e90d
7023.txt,8a77b7a9a5aee9a034a5f644f891d80f
7024.txt,50113dae3536ea2967ebddcfe664e695
7039.txt,d37d65ed075a7ae2742f747674257183
7049.txt,c258a582ea1c9a676b70ecbc94bca6ef
7057.txt,c6d0c9f37d2947089c74658e3af4cd81
7061.txt,6eef2cbb57fcdfd0cd6043ee992e04c3
7062.txt,fe4083a636df908eeb0b1da2c8f6e1ef
71.txt,b123b0c49fcbb241358ae7a49ec42e63
7130.txt,12a1ebf84403a7c249ddd345ef7b9251
7139.txt,1c675d306eb0de2d4f19b1a2cb6f64c0
7166.txt,f5dc2cdd11212109cd3db8328d8b4d42
72.txt,d2ced7f4f53e24db29b21a998dcf0824
73.txt,04daa2c9210cc642743ddd5f0946d2c1
74.txt,3957043cf5f3bdd954081f9767d82b6b
76.txt,856ddf9eb45478f35b1e7dbdeecf6d19
77.txt,7305255c2ef8e94aab387ebea62ac445
78.txt,827c22a64710d31369df793d9a2f2027
79.txt,a64b9e0155488f1900d1b9fe6ee6ee08
8.txt,fc3b6ba97ff84cc5f9f01a8e26f4fd52
80.txt,c1cc593b16a486a2288565ce3203e8ab
81.txt,58788f9e7978c61652f1591951583aa4
84.txt,0521683d83eaa6b41945c188cc01b861
85.txt,c79161666433606980cffdab31cd3784
86.txt,c25252c7fcf6c221f81da3790ebee7b2
87.txt,301fa08115c1cf2ff6e1ad670659bf4b
88.txt,9b442866a1fe0b5b8ba1648e79f6ea3c
89.txt,09716201dac5cee99f1551178a39350b
9.txt,91585397ef837d119090b4d6e7d6f171
90.txt,e2011a0b837fc52950af052ba6bb5ff3
9004.txt,2af38505c1bf1d85b3b918ed0934d475
9022.txt,8bbfdcb1876a998e1fd7f30bfe50131f
9025.txt,681514064a06a51710dd2fda557676ed
9026.txt,1bf6716333ba51a6102d3be6dc17152d
91.txt,b48664f7d8f07ebffd02a4e55bb6981c
92.txt,5cf8815ed3c07db6f7ab886d8e21f1a2
94.txt,8f167c0c5cacf1950e0fc8def90cee7f
97.txt,e73e49742066d8ad9fadc23e781e274f
99.txt,65356f8390d94b94f016f9f27f93c849
Corporate-DMZ.txt,6c0ef908e140c9b79b03d73931a3d694
Corporate-Servers.txt,8dccf3f9f53242c564ed42fa1769b192
SUB-WAN.txt,10946c115f508dd9d85ec8542f8861c8
Sub-3G.txt,1093ec40adb0a3b0225c59f9c9ca9db3
Sub-SONET.txt,f1fdf508faf1a115abbc5e707c1e7015
Sub-Serial.txt,c425074091bd8b5b9c1564983d8f6aea
g002.txt,62eab78d76aceaf3e48d78c5ee95e930
g10.txt,9030f977f2e86a94f04a151115549673
g104.txt,cf610dffb5b23dda816eeb7bc4ca173d
g105.txt,2e93d40c4534a1c5677dbbb2b5eca8e4
g107.txt,ce1ba9c745c322656e4be79723897350
g109.txt,fbbdc17a85462e9e51fcf39dc05b1149
g112.txt,cdb36f485a3fcf6777c3a09ecdb228f0
g120.txt,236e3beea9f4c8c5398b96a1836f5ac9
g124.txt,81766e44a54340d2cc1ce45d1b5852ca
g137.txt,6010d067119dc41606846b8c043f5567
g141.txt,0f0a02cd74438b2a4cbb2347c614e6f5
g142.txt,3da61b71b7b0d70d59edc53911a23874
g154.txt,78660f48add14d9e7b11289d510a62eb
g156.txt,b1cc060eccb73de5642029679a785dbb
g158.txt,ce15d74f6e9c2700035578eb59299409
g163.txt,21dc7caeac3dd523ce45f5a00615a2c0
g164.txt,36a5ef9451cc0b54fbfae83e3b27da3d
g169.txt,c224cfc3a11ea212b644364a3d92a5b5
g172.txt,4d11c3854a9bf34aaff49d00e17564b8
g174.txt,a8766ae2a23723dae59c4dc8f4e4af40
g178.txt,c7aa8e0a821bd413845348d39097feb2
g189.txt,b6930a338b657d8518a36b641e859579
g193.txt,c9a581d56254ff31b994b0f08743ea90
g201.txt,ec3464a891e9c8440b150a2dd34d47ce
g202.txt,a08acce2a2ae065ed7abff11917986a9
g203.txt,4b771312c586b9788df9d62ce0e44159
g204.txt,7701ecc4d465d4f173f140456320ff2c
g205.txt,ce0fd92af5a3993b3632fea56c6c2c33
g210.txt,4b3c011301681fd6002c64f83d0a45e5
g214.txt,f74b88bae0aa2df832c5a059280005c3
g215.txt,c5ba72f299eb814386f682e129bab23f
g26.txt,8122873dd49cd336afbec4d2cafef411
g33.txt,d38ec5267559d4f80d751dfef92dcc24
g35.txt,a648c3bd0c62d2027246c2cb7c445137
g38.txt,5cec5141d1c8252f571d45ad0d21b131
g45.txt,2d849ea339fd24ed2e36f9aaa4e86c7c
g49.txt,9086f586aef4a53f113ee2b0b4b17287
g51.txt,2d4822543f479f99dd6d131007d2f29e
g52.txt,8569ee8c1c80e395346f29a527a70cbf
g58.txt,317a710595fa84f3f8706582a2f54473
g63.txt,416f72f34ce38d63f105708d6da71d82
g70.txt,566ffac66451d08c6ccd29149c011507
g74.txt,9500a2c6e9e5013161303ffdccfb120d
g77.txt,5065a6041fc63ce4292304a61cfaac56
g78.txt,2dc335a81a89fb260afe23dc89697cc6
g79.txt,7717ba605f55c6c93b988f6b893fd9ee
g80.txt,baba016b0e4873dfa0e387b5d1f31bfa
g97.txt,077d57df38a276e17c4b9a279a0328f3
parse-date-time,2016-01-14 10:11:41.123000
parsedRules,fb2a58f02a7bdb88e38b2e893ed3ea7640e5dabffc32c76f59ffda29f506ffd5
parsedTopo,119c699812e7c282e8cee1678eddae859f74478c3240a31f9386bfc6719ef9d9
parser,not measured
parser-MAC-en0,00:00:00:00:00:00
s002.txt,6b249ba8526f5b291908ffa43c8e1e24
s10.txt,0d23fca8cab14c50b5d903866198e5ab
s104.txt,9b402635b8976b25e1d4c57e48e30e48
s105.txt,a0e83a0f05d80f6eb0baa9fe09372616
s107.txt,4a2456a00ef7163975cc0104ef1c3a05
s109.txt,85ef90fc01b6c17d4f9997820381116e
s112.txt,6f4aa210c3d28411115822f2ebf312b8
s120.txt,77c744f890206491de7b3ecdf880d0ab
s124.txt,3cafd6f7841aee7f20dbeeef272ae05d
s134.txt,03782713896744537eec57b00a01203c
s137.txt,cf2d2f2a95a417dab83290da38c8eb2f
s141.txt,2059969af662fafd3078e43c16d4e111
s142.txt,ad78ed012f282734501f2a4a6247af0e
s154.txt,6c214344193754cccc4410398efec01a
s156.txt,1eef27cb86910873bb9e9b2947fa1eb0
s158.txt,32a9c9e5fcb7b5971ff46a66998c0bdc
s163.txt,9de757698de9ac43cb260f99f198f21c
s164.txt,8bdd134c0fe543d3ca649b3ddbb56cf2
s169.txt,52ad78cef1313a7fe465e22f5349df31
s172.txt,3808d2d936dac02e7fde0c6cebd336b5
s174.txt,f10d53fbd5522b902d677305eff8ed38
s178.txt,9c78ff26dc3ad6c46f1f033b013fa802
s189.txt,e446c458ba4317cc0e5113f913a2772f
s193.txt,0495c5e11f96cea5f90b586dd7ce2f2b
s201.txt,a0de584c951784d49264287b72d0179c
s202.txt,1d96b0c423bad17fec13408db1a12557
s203.txt,a1250771b7a83277169359d55a2a51e6
s204.txt,890ee79e576f9023341793b8342743c9
s205.txt,6d78b5ebee3b4f4490a2f57175cdc652
s210.txt,4b2d317cc0c38bd11c49a487bf1c61bf
s214.txt,c2a9c50e6ae1b39e1394166f941e0a23
s215.txt,6125dcc293b05e96f36d9a0449715b00
s219.txt,bb77241e102f3de3b04d936bced922f5
s26.txt,72679e6f3bd2adfd29f0c9d1dc0796ad
s33.txt,5b65b6afd1a6aa5a85c46600db05df86
s35.txt,73120d4343d73fc137513828b1b171d9
s38.txt,8f9740eee76a77f7218221903e58f866
s45.txt,1d6de09e7bc17145ddd7c463f06abc81
s49.txt,bb5bb4e66589185bf18d3f635a2cca18
s51.txt,972089ff5ef347c1df635e8bdf78fe42
s52.txt,99094afa0864a7a22a08fd2b31ed8964
s58.txt,06c31347ae6dbab6865d8de110d93c26
s63.txt,e7f43b8638b6ddfd91c243ba4b16a8c5
s70.txt,74d69e31f8d254081d400004d5e9d787
s74.txt,ff40cd9e445159a48398ac76bf0c2c29
s78.txt,321c19c2ea05a26b5b80a85178716b43
s79.txt,a5c5c78fdbac5339fa8f901c98012427
s80.txt,b4d73dbf9df8ee547299ead6ead53ba0
s97.txt,8784e8764630fca86e7a204d5df6f942
