{
	"nodes":
	   [
		{"name":"north-haverbrook-network:Switch_1",
		 "rdfs:type":"snet:Switch", 
		 "enet:hasIPValue":"192.168.3.200"},

		{"name":"north-haverbrook-network:DistanceRelay_1",
		 "rdfs:type":"snet:DistanceRelay", 
		 "enet:hasIPValue":"10.33.1.201"},

		{"name":"north-haverbrook-network:DistanceRelay_2",
		 "rdfs:type":"snet:DistanceRelay", 
		 "enet:hasIPValue":"10.33.1.202"},

		{"name":"north-haverbrook-network:DistanceRelay_3",
		 "rdfs:type":"snet:DistanceRelay", 
		 "enet:hasIPValue":"10.33.1.203"},

		{"name":"north-haverbrook-network:OvercurrentRelay_1",
		 "rdfs:type":"snet:OvercurrentRelay", 
		 "enet:hasIPValue":"10.33.1.101"},

		{"name":"north-haverbrook-network:OvercurrentRelay_2",
		 "rdfs:type":"snet:OvercurrentRelay", 
		 "enet:hasIPValue":"10.33.1.102"},

		{"name":"north-haverbrook-network:OvercurrentRelay_3",
		 "rdfs:type":"snet:OvercurrentRelay", 
		 "enet:hasIPValue":"10.33.1.103"},

		{"name":"north-haverbrook-network:OvercurrentRelay_4",
		 "rdfs:type":"snet:OvercurrentRelay", 
		 "enet:hasIPValue":"10.33.1.104"},

		{"name":"north-haverbrook-network:OvercurrentRelay_5",
		 "rdfs:type":"snet:OvercurrentRelay", 
		 "enet:hasIPValue":"10.33.1.105"},

		{"name":"north-haverbrook-network:OvercurrentRelay_6",
		 "rdfs:type":"snet:OvercurrentRelay", 
		 "enet:hasIPValue":"10.33.1.106"},

		{"name":"north-haverbrook-network:OvercurrentRelay_7",
		 "rdfs:type":"snet:OvercurrentRelay", 
		 "enet:hasIPValue":"10.33.1.107"},

		{"name":"odgenville-network:SEL_421_2",
		 "rdfs:type":"cptlc:Asset"},

		{"name":"north-haverbrook-yard:North Haverbrook$BRK$78",
		 "rdfs:type":"cptlc:Asset"},

		{"name":"shelbyville-network:SEL_421_1",
		 "rdfs:type":"cptlc:Asset"},

		{"name":"north-haverbrook-yard:North Haverbrook$BRK$1413",
		 "rdfs:type":"cptlc:Asset"},

		{"name":"cypress-creek-network:SEL_421_3",
		 "rdfs:type":"cptlc:Asset"},

		{"name":"north-haverbrook-yard:North Haverbrook$BRK$1112",
		 "rdfs:type":"cptlc:Asset"},

		{"name":"north-haverbrook-yard:North Haverbrook$BRK$910",
		 "rdfs:type":"cptlc:Asset"},

		{"name":"north-haverbrook-yard:North Haverbrook$BRK$913",
		 "rdfs:type":"cptlc:Asset"},

		{"name":"north-haverbrook-yard:North Haverbrook$BRK$89",
		 "rdfs:type":"cptlc:Asset"},

		{"name":"north-haverbrook-yard:North Haverbrook$BRK$812",
		 "rdfs:type":"cptlc:Asset"}
	   ],
	"links":
	   [
		{"source":"north-haverbrook-network:Switch_1",
		 "target":"north-haverbrook-network:OvercurrentRelay_1",
		 "relation":"cptlc:hasLink"},

		{"source":"north-haverbrook-network:DistanceRelay_1",
		 "target":"north-haverbrook-network:OvercurrentRelay_2",
		 "relation":"cptlc:hasLink"},

		{"source":"north-haverbrook-network:DistanceRelay_1",
		 "target":"odgenville-network:SEL_421_2",
		 "relation":"cptlc:hasLink"},

		{"source":"north-haverbrook-network:DistanceRelay_1",
		 "target":"north-haverbrook-yard:North Haverbrook$BRK$78",
		 "relation":"snet:hasBreakerConnections"},

		{"source":"north-haverbrook-network:DistanceRelay_2",
		 "target":"north-haverbrook-network:OvercurrentRelay_7",
		 "relation":"cptlc:hasLink"},

		{"source":"north-haverbrook-network:DistanceRelay_2",
		 "target":"shelbyville-network:SEL_421_1",
		 "relation":"cptlc:hasLink"},

		{"source":"north-haverbrook-network:DistanceRelay_2",
		 "target":"north-haverbrook-yard:North Haverbrook$BRK$1413",
		 "relation":"snet:hasBreakerConnections"},

		{"source":"north-haverbrook-network:DistanceRelay_3",
		 "target":"cypress-creek-network:SEL_421_3",
		 "relation":"cptlc:hasLink"},

		{"source":"north-haverbrook-network:DistanceRelay_3",
		 "target":"north-haverbrook-yard:North Haverbrook$BRK$1112",
		 "relation":"snet:hasBreakerConnections"},

		{"source":"north-haverbrook-network:OvercurrentRelay_1",
		 "target":"north-haverbrook-network:DistanceRelay_1",
		 "relation":"cptlc:hasLink"},

		{"source":"north-haverbrook-network:OvercurrentRelay_1",
		 "target":"north-haverbrook-yard:North Haverbrook$BRK$78",
		 "relation":"snet:hasBreakerConnections"},

		{"source":"north-haverbrook-network:OvercurrentRelay_2",
		 "target":"north-haverbrook-network:OvercurrentRelay_3",
		 "relation":"cptlc:hasLink"},

		{"source":"north-haverbrook-network:OvercurrentRelay_2",
		 "target":"north-haverbrook-yard:North Haverbrook$BRK$910",
		 "relation":"snet:hasBreakerConnections"},

		{"source":"north-haverbrook-network:OvercurrentRelay_3",
		 "target":"north-haverbrook-network:OvercurrentRelay_4",
		 "relation":"cptlc:hasLink"},

		{"source":"north-haverbrook-network:OvercurrentRelay_3",
		 "target":"north-haverbrook-yard:North Haverbrook$BRK$913",
		 "relation":"snet:hasBreakerConnections"},

		{"source":"north-haverbrook-network:OvercurrentRelay_4",
		 "target":"north-haverbrook-network:OvercurrentRelay_5",
		 "relation":"cptlc:hasLink"},

		{"source":"north-haverbrook-network:OvercurrentRelay_4",
		 "target":"north-haverbrook-yard:North Haverbrook$BRK$89",
		 "relation":"snet:hasBreakerConnections"},

		{"source":"north-haverbrook-network:OvercurrentRelay_5",
		 "target":"north-haverbrook-network:OvercurrentRelay_6",
		 "relation":"cptlc:hasLink"},

		{"source":"north-haverbrook-network:OvercurrentRelay_5",
		 "target":"north-haverbrook-yard:North Haverbrook$BRK$812",
		 "relation":"snet:hasBreakerConnections"},

		{"source":"north-haverbrook-network:OvercurrentRelay_6",
		 "target":"north-haverbrook-network:DistanceRelay_2",
		 "relation":"cptlc:hasLink"},

		{"source":"north-haverbrook-network:OvercurrentRelay_6",
		 "target":"north-haverbrook-yard:North Haverbrook$BRK$1413",
		 "relation":"snet:hasBreakerConnections"},

		{"source":"north-haverbrook-network:OvercurrentRelay_7",
		 "target":"north-haverbrook-network:DistanceRelay_3",
		 "relation":"cptlc:hasLink"},

		{"source":"north-haverbrook-network:OvercurrentRelay_7",
		 "target":"north-haverbrook-yard:North Haverbrook$BRK$1112",
		 "relation":"snet:hasBreakerConnections"}

	   ]
}
