{
	"nodes":
	   [
		{"name":"paris-network:SEL_3620",
		 "rdfs:type":"snet:Switch", 
		 "enet:hasIPValue":"192.168.5.200"},

		{"name":"paris-network:SEL_421_1",
		 "rdfs:type":"snet:DistanceRelay", 
		 "enet:hasIPValue":"10.35.1.201"},

		{"name":"paris-network:SEL_421_2",
		 "rdfs:type":"snet:DistanceRelay", 
		 "enet:hasIPValue":"10.35.1.202"},

		{"name":"paris-network:SEL_421_3",
		 "rdfs:type":"snet:DistanceRelay", 
		 "enet:hasIPValue":"10.35.1.203"},

		{"name":"paris-network:SEL_451_1",
		 "rdfs:type":"snet:OvercurrentRelay", 
		 "enet:hasIPValue":"10.35.1.101"},

		{"name":"paris-network:SEL_451_2",
		 "rdfs:type":"snet:OvercurrentRelay", 
		 "enet:hasIPValue":"10.35.1.102"},

		{"name":"paris-network:SEL_451_3",
		 "rdfs:type":"snet:OvercurrentRelay", 
		 "enet:hasIPValue":"10.35.1.103"},

		{"name":"paris-network:SEL_451_4",
		 "rdfs:type":"snet:OvercurrentRelay", 
		 "enet:hasIPValue":"10.35.1.104"},

		{"name":"shelbyville-network:SEL_421_3",
		 "rdfs:type":"cptlc:Asset"},

		{"name":"cypress-creek-network:SEL_421_1",
		 "rdfs:type":"cptlc:Asset"},

		{"name":"springfield-network:DistanceRelay_2",
		 "rdfs:type":"cptlc:Asset"},

		{"name":"paris-yard:Paris$BRK$5052",
		 "rdfs:type":"cptlc:Asset"},

		{"name":"paris-yard:Paris$BRK$4950",
		 "rdfs:type":"cptlc:Asset"},

		{"name":"paris-yard:Paris$BRK$4850",
		 "rdfs:type":"cptlc:Asset"},

		{"name":"paris-yard:Paris$BRK$5051",
		 "rdfs:type":"cptlc:Asset"}
	   ],
	"links":
	   [
		{"source":"paris-network:SEL_3620",
		 "target":"paris-network:SEL_421_1",
		 "relation":"cptlc:hasLink"},

		{"source":"paris-network:SEL_3620",
		 "target":"paris-network:SEL_421_2",
		 "relation":"cptlc:hasLink"},

		{"source":"paris-network:SEL_3620",
		 "target":"paris-network:SEL_421_3",
		 "relation":"cptlc:hasLink"},

		{"source":"paris-network:SEL_3620",
		 "target":"paris-network:SEL_451_1",
		 "relation":"cptlc:hasLink"},

		{"source":"paris-network:SEL_3620",
		 "target":"paris-network:SEL_451_2",
		 "relation":"cptlc:hasLink"},

		{"source":"paris-network:SEL_3620",
		 "target":"paris-network:SEL_451_3",
		 "relation":"cptlc:hasLink"},

		{"source":"paris-network:SEL_3620",
		 "target":"paris-network:SEL_451_4",
		 "relation":"cptlc:hasLink"},

		{"source":"paris-network:SEL_421_1",
		 "target":"shelbyville-network:SEL_421_3",
		 "relation":"cptlc:hasLink"},

		{"source":"paris-network:SEL_421_2",
		 "target":"cypress-creek-network:SEL_421_1",
		 "relation":"cptlc:hasLink"},

		{"source":"paris-network:SEL_421_3",
		 "target":"springfield-network:DistanceRelay_2",
		 "relation":"cptlc:hasLink"},

		{"source":"paris-network:SEL_451_1",
		 "target":"paris-yard:Paris$BRK$5052",
		 "relation":"snet:hasBreakerConnections"},

		{"source":"paris-network:SEL_451_2",
		 "target":"paris-yard:Paris$BRK$4950",
		 "relation":"snet:hasBreakerConnections"},

		{"source":"paris-network:SEL_451_3",
		 "target":"paris-yard:Paris$BRK$4850",
		 "relation":"snet:hasBreakerConnections"},

		{"source":"paris-network:SEL_451_4",
		 "target":"paris-yard:Paris$BRK$5051",
		 "relation":"snet:hasBreakerConnections"}

	   ]
}
