{
	"nodes":
	   [
		{"name":"springfield-network:Switch_1",
		 "rdfs:type":"snet:Switch", 
		 "enet:hasIPValue":"192.168.8.200"},

		{"name":"springfield-network:DistanceRelay_1",
		 "rdfs:type":"snet:DistanceRelay", 
		 "enet:hasIPValue":"10.38.1.201"},

		{"name":"springfield-network:DistanceRelay_2",
		 "rdfs:type":"snet:DistanceRelay", 
		 "enet:hasIPValue":"10.38.1.202"},

		{"name":"springfield-network:DistanceRelay_3",
		 "rdfs:type":"snet:DistanceRelay", 
		 "enet:hasIPValue":"10.38.1.203"},

		{"name":"springfield-network:ReversePowerRelay_1",
		 "rdfs:type":"snet:ReversePowerRelay"},

		{"name":"springfield-network:OvercurrentRelay_1",
		 "rdfs:type":"snet:OvercurrentRelay", 
		 "enet:hasIPValue":"10.38.1.101"},

		{"name":"springfield-network:OvercurrentRelay_2",
		 "rdfs:type":"snet:OvercurrentRelay", 
		 "enet:hasIPValue":"10.38.1.102"},

		{"name":"springfield-network:OvercurrentRelay_3",
		 "rdfs:type":"snet:OvercurrentRelay", 
		 "enet:hasIPValue":"10.38.1.103"},

		{"name":"springfield-network:OvercurrentRelay_4",
		 "rdfs:type":"snet:OvercurrentRelay", 
		 "enet:hasIPValue":"10.38.1.104"},

		{"name":"springfield-network:OvercurrentRelay_5",
		 "rdfs:type":"snet:OvercurrentRelay", 
		 "enet:hasIPValue":"10.38.1.105"},

		{"name":"haverbrook-network:DistanceRelay_3",
		 "rdfs:type":"cptlc:Asset"},

		{"name":"springfield-yard:Springfield$BRK$4041",
		 "rdfs:type":"cptlc:Asset"},

		{"name":"paris-network:SEL_421_3",
		 "rdfs:type":"cptlc:Asset"},

		{"name":"springfield-yard:Springfield$BRK$4142",
		 "rdfs:type":"cptlc:Asset"},

		{"name":"haverbrook-network:DistanceRelay_1",
		 "rdfs:type":"cptlc:Asset"},

		{"name":"springfield-yard:Springfield$BRK$3941",
		 "rdfs:type":"cptlc:Asset"},

		{"name":"springfield-yard:Springfield$BRK$4341",
		 "rdfs:type":"cptlc:Asset"},

		{"name":"springfield-yard:Springfield$BRK$4441",
		 "rdfs:type":"cptlc:Asset"}
	   ],
	"links":
	   [
		{"source":"springfield-network:Switch_1",
		 "target":"springfield-network:OvercurrentRelay_1",
		 "relation":"cptlc:hasLink"},

		{"source":"springfield-network:DistanceRelay_1",
		 "target":"springfield-network:DistanceRelay_2",
		 "relation":"cptlc:hasLink"},

		{"source":"springfield-network:DistanceRelay_1",
		 "target":"haverbrook-network:DistanceRelay_3",
		 "relation":"cptlc:hasLink"},

		{"source":"springfield-network:DistanceRelay_1",
		 "target":"springfield-yard:Springfield$BRK$4041",
		 "relation":"snet:hasBreakerConnections"},

		{"source":"springfield-network:DistanceRelay_2",
		 "target":"springfield-network:OvercurrentRelay_2",
		 "relation":"cptlc:hasLink"},

		{"source":"springfield-network:DistanceRelay_2",
		 "target":"paris-network:SEL_421_3",
		 "relation":"cptlc:hasLink"},

		{"source":"springfield-network:DistanceRelay_2",
		 "target":"springfield-yard:Springfield$BRK$4142",
		 "relation":"snet:hasBreakerConnections"},

		{"source":"springfield-network:DistanceRelay_3",
		 "target":"springfield-network:OvercurrentRelay_5",
		 "relation":"cptlc:hasLink"},

		{"source":"springfield-network:DistanceRelay_3",
		 "target":"haverbrook-network:DistanceRelay_1",
		 "relation":"cptlc:hasLink"},

		{"source":"springfield-network:DistanceRelay_3",
		 "target":"springfield-yard:Springfield$BRK$3941",
		 "relation":"snet:hasBreakerConnections"},

		{"source":"springfield-network:ReversePowerRelay_1",
		 "target":"springfield-network:OvercurrentRelay_3",
		 "relation":"cptlc:hasLink"},

		{"source":"springfield-network:ReversePowerRelay_1",
		 "target":"springfield-yard:Springfield$BRK$4341",
		 "relation":"snet:hasBreakerConnections"},

		{"source":"springfield-network:OvercurrentRelay_1",
		 "target":"springfield-network:DistanceRelay_1",
		 "relation":"cptlc:hasLink"},

		{"source":"springfield-network:OvercurrentRelay_1",
		 "target":"springfield-yard:Springfield$BRK$4041",
		 "relation":"snet:hasBreakerConnections"},

		{"source":"springfield-network:OvercurrentRelay_2",
		 "target":"springfield-network:ReversePowerRelay_1",
		 "relation":"cptlc:hasLink"},

		{"source":"springfield-network:OvercurrentRelay_2",
		 "target":"springfield-yard:Springfield$BRK$4142",
		 "relation":"snet:hasBreakerConnections"},

		{"source":"springfield-network:OvercurrentRelay_3",
		 "target":"springfield-network:OvercurrentRelay_4",
		 "relation":"cptlc:hasLink"},

		{"source":"springfield-network:OvercurrentRelay_3",
		 "target":"springfield-yard:Springfield$BRK$4341",
		 "relation":"snet:hasBreakerConnections"},

		{"source":"springfield-network:OvercurrentRelay_4",
		 "target":"springfield-network:DistanceRelay_3",
		 "relation":"cptlc:hasLink"},

		{"source":"springfield-network:OvercurrentRelay_4",
		 "target":"springfield-yard:Springfield$BRK$4441",
		 "relation":"snet:hasBreakerConnections"},

		{"source":"springfield-network:OvercurrentRelay_5",
		 "target":"springfield-yard:Springfield$BRK$3941",
		 "relation":"snet:hasBreakerConnections"}

	   ]
}
